seed,detector,tp,fp,fn,tn,precision,recall,f1,far_C_elasticity
2025,d1_primary,852,32,127,1916,0.9638009049773756,0.8702757916241062,0.9146537842190016,0.08888888888888889
2025,d1_ocsvm,852,32,127,1916,0.9638009049773756,0.8702757916241062,0.9146537842190016,0.08888888888888889
2025,d1_iforest,45,16,934,1932,0.7377049180327869,0.045965270684371805,0.08653846153846154,0.09166666666666666
2026,d1_primary,830,37,128,1900,0.9573241061130334,0.8663883089770354,0.9095890410958903,0.10277777777777777
2026,d1_ocsvm,830,37,128,1900,0.9573241061130334,0.8663883089770354,0.9095890410958903,0.10277777777777777
2026,d1_iforest,51,16,907,1921,0.7611940298507462,0.05323590814196242,0.09951219512195121,0.1
2027,d1_primary,829,40,142,1890,0.953970080552359,0.8537590113285273,0.9010869565217392,0.08055555555555556
2027,d1_ocsvm,829,40,142,1890,0.953970080552359,0.8537590113285273,0.9010869565217392,0.08055555555555556
2027,d1_iforest,44,25,927,1905,0.6376811594202898,0.04531410916580844,0.0846153846153846,0.11388888888888889
