Accuracy,Macro-F1,Transient Violation Recall,Model,Seed,Latency (ms)
0.8474,0.312,0.0284,Threshold Baseline,42,0.0001
0.7883,0.5165,0.9164,MHSA-PerHead (baseline),42,0.0077
0.8792,0.5657,0.8688,MHSA-Fused (improved),42,0.0075
0.8469,0.3141,0.0266,Threshold Baseline,43,0.0001
0.8626,0.5612,0.8914,MHSA-PerHead (baseline),43,0.0134
0.8077,0.5292,0.9263,MHSA-Fused (improved),43,0.0072
0.8439,0.3116,0.0227,Threshold Baseline,44,0.0001
0.8533,0.5546,0.8998,MHSA-PerHead (baseline),44,0.0065
0.8799,0.5775,0.8708,MHSA-Fused (improved),44,0.0064
