seq,phase,data_mode,function,runtime,variant,memory_mb,role,pattern,warming,intended_cold,force_cold,rep,block,burst_id,idle_gap_min,t_start,t_start_utc,request_id,status,function_error,error,rtt_ms,duration_ms,billed_ms,init_ms,cold,max_memory_used_mb,report_source
0,pilot_cold,mock,java-optimised,java,optimised,1024,measure,idle,off,True,update_env,0,,,,1767225600.0,2026-01-01T00:00:00.000+00:00,e52fec14-2d75-4a6a-8584-0f4ce50ee168,200,,False,668.007,72.78,73,577.93,True,110,logs
1,pilot_cold,mock,java-optimised,java,optimised,1024,follow_up,idle,off,False,update_env,0,,,,1767225600.668,2026-01-01T00:00:00.668+00:00,5e97f5f8-43c9-41ee-901e-13be235f461f,200,,False,49.087,21.26,22,,False,110,logs
2,pilot_cold,mock,python-default,python,default,1024,measure,idle,off,True,update_env,0,,,,1767225600.717,2026-01-01T00:00:00.717+00:00,27aae4a6-ac94-48a7-9d75-ef1ba557ce75,200,,False,656.089,24.85,25,593.55,True,118,logs
3,pilot_cold,mock,python-default,python,default,1024,follow_up,idle,off,False,update_env,0,,,,1767225601.373,2026-01-01T00:00:01.373+00:00,5372f53f-f952-4fef-8839-5aad5fac0dba,200,,False,61.505,28.23,29,,False,118,logs
4,pilot_cold,mock,python-bytecode,python,bytecode,1024,measure,idle,off,True,update_env,0,,,,1767225601.435,2026-01-01T00:00:01.434+00:00,fa50dad1-f12a-41f0-9a18-19980e199f78,200,,False,323.377,29.69,30,270.68,True,42,logs
5,pilot_cold,mock,python-bytecode,python,bytecode,1024,follow_up,idle,off,False,update_env,0,,,,1767225601.758,2026-01-01T00:00:01.758+00:00,c1189866-d29e-4868-847e-21686e509ddc,200,,False,41.464,24.34,25,,False,42,logs
6,pilot_cold,mock,nodejs-optimised,nodejs,optimised,1024,measure,idle,off,True,update_env,0,,,,1767225601.8,2026-01-01T00:00:01.799+00:00,5747d1df-afee-4375-8b62-aff1f0a3117a,200,,False,272.727,55.36,56,188.8,True,72,logs
7,pilot_cold,mock,nodejs-optimised,nodejs,optimised,1024,follow_up,idle,off,False,update_env,0,,,,1767225602.072,2026-01-01T00:00:02.072+00:00,40797c0d-b39b-44e9-b624-06a0162ef271,200,,False,83.637,51.22,52,,False,72,logs
8,pilot_cold,mock,nodejs-default,nodejs,default,1024,measure,idle,off,True,update_env,0,,,,1767225602.156,2026-01-01T00:00:02.155+00:00,e945af39-de42-48db-bc90-d5c512be0517,200,,False,533.933,61.81,62,444.45,True,140,logs
9,pilot_cold,mock,nodejs-default,nodejs,default,1024,follow_up,idle,off,False,update_env,0,,,,1767225602.69,2026-01-01T00:00:02.689+00:00,08cfd026-790c-480e-bda1-e09a1bcb9b4f,200,,False,80.137,46.71,47,,False,140,logs
10,pilot_cold,mock,python-optimised,python,optimised,1024,measure,idle,off,True,update_env,0,,,,1767225602.77,2026-01-01T00:00:02.769+00:00,915bb3b9-1a61-4bbf-b8ad-8549325ed4c6,200,,False,212.752,26.11,27,166.77,True,38,logs
11,pilot_cold,mock,python-optimised,python,optimised,1024,follow_up,idle,off,False,update_env,0,,,,1767225602.983,2026-01-01T00:00:02.982+00:00,329ca4bb-0dea-4b15-aced-c7d84e30ba5f,200,,False,52.073,23.52,24,,False,38,logs
12,pilot_cold,mock,java-default,java,default,1024,measure,idle,off,True,update_env,0,,,,1767225603.035,2026-01-01T00:00:03.034+00:00,8388cbba-60c0-40e1-8b3a-a849a667317b,200,,False,854.055,68.03,69,766.71,True,165,logs
13,pilot_cold,mock,java-default,java,default,1024,follow_up,idle,off,False,update_env,0,,,,1767225603.889,2026-01-01T00:00:03.888+00:00,3acc9e78-c2da-43f0-b8af-5fc2d1fc30ed,200,,False,57.804,23.78,24,,False,165,logs
14,pilot_cold,mock,python-default,python,default,1024,measure,idle,off,True,update_env,1,,,,1767225603.947,2026-01-01T00:00:03.946+00:00,c38d4812-6834-4b63-abcb-4e60568a0b40,200,,False,690.134,26.37,27,637.51,True,118,logs
15,pilot_cold,mock,python-default,python,default,1024,follow_up,idle,off,False,update_env,1,,,,1767225604.637,2026-01-01T00:00:04.636+00:00,eb0bdaf6-6848-4701-b8dc-013e088ee5b3,200,,False,67.669,21.21,22,,False,118,logs
16,pilot_cold,mock,nodejs-default,nodejs,default,1024,measure,idle,off,True,update_env,1,,,,1767225604.704,2026-01-01T00:00:04.704+00:00,995fe164-fe00-4fe9-8615-38b9e14af0e9,200,,False,568.282,68.23,69,471.45,True,140,logs
17,pilot_cold,mock,nodejs-default,nodejs,default,1024,follow_up,idle,off,False,update_env,1,,,,1767225605.273,2026-01-01T00:00:05.272+00:00,d25d40c3-2138-417c-936a-d1a9baa606a9,200,,False,87.853,47.54,48,,False,140,logs
18,pilot_cold,mock,python-bytecode,python,bytecode,1024,measure,idle,off,True,update_env,1,,,,1767225605.361,2026-01-01T00:00:05.360+00:00,b8296997-4f8b-4b68-9225-9ed35b697f3e,200,,False,372.298,27.18,28,316.61,True,42,logs
19,pilot_cold,mock,python-bytecode,python,bytecode,1024,follow_up,idle,off,False,update_env,1,,,,1767225605.733,2026-01-01T00:00:05.732+00:00,319ffc5b-eed9-4a17-91fd-c34432ee0b51,200,,False,52.282,25.17,26,,False,42,logs
20,pilot_cold,mock,java-optimised,java,optimised,1024,measure,idle,off,True,update_env,1,,,,1767225605.785,2026-01-01T00:00:05.785+00:00,56840f84-3c52-4aa1-8664-34f42c7eaf25,200,,False,549.576,70.68,71,447.71,True,110,logs
21,pilot_cold,mock,java-optimised,java,optimised,1024,follow_up,idle,off,False,update_env,1,,,,1767225606.335,2026-01-01T00:00:06.334+00:00,6ca5cfbc-193f-4914-96ed-6ee0da5ac048,200,,False,63.948,20.12,21,,False,110,logs
22,pilot_cold,mock,nodejs-optimised,nodejs,optimised,1024,measure,idle,off,True,update_env,1,,,,1767225606.399,2026-01-01T00:00:06.398+00:00,e5cbdf18-5837-406c-b095-a1eb8afc903c,200,,False,289.872,69.73,70,181.9,True,72,logs
23,pilot_cold,mock,nodejs-optimised,nodejs,optimised,1024,follow_up,idle,off,False,update_env,1,,,,1767225606.689,2026-01-01T00:00:06.688+00:00,430f27e1-9687-4f72-bf47-4de21bb099f7,200,,False,82.084,54.96,55,,False,72,logs
24,pilot_cold,mock,java-default,java,default,1024,measure,idle,off,True,update_env,1,,,,1767225606.771,2026-01-01T00:00:06.770+00:00,80af15aa-d49f-4ed3-8d11-01700346d7d9,200,,False,1090.878,54.16,55,1002.45,True,165,logs
25,pilot_cold,mock,java-default,java,default,1024,follow_up,idle,off,False,update_env,1,,,,1767225607.862,2026-01-01T00:00:07.861+00:00,59812a1a-16e3-40d5-96c0-07cbda7f263b,200,,False,56.663,18.92,19,,False,165,logs
26,pilot_cold,mock,python-optimised,python,optimised,1024,measure,idle,off,True,update_env,1,,,,1767225607.918,2026-01-01T00:00:07.918+00:00,15c30e10-251a-4335-9e80-b0ebeeeb6b5a,200,,False,224.208,28.0,29,172.69,True,38,logs
27,pilot_cold,mock,python-optimised,python,optimised,1024,follow_up,idle,off,False,update_env,1,,,,1767225608.142,2026-01-01T00:00:08.142+00:00,732c6c3f-555c-47d8-9e64-49773648a0c7,200,,False,65.045,27.99,28,,False,38,logs
28,pilot_cold,mock,java-default,java,default,1024,measure,idle,off,True,update_env,2,,,,1767225608.207,2026-01-01T00:00:08.207+00:00,94ea3e31-5f4e-4263-b6b5-9b3640ca621a,200,,False,785.958,58.55,59,688.8,True,165,logs
29,pilot_cold,mock,java-default,java,default,1024,follow_up,idle,off,False,update_env,2,,,,1767225608.993,2026-01-01T00:00:08.993+00:00,f85a68ad-63f4-478b-bb55-bad70635f91f,200,,False,44.788,22.25,23,,False,165,logs
30,pilot_cold,mock,nodejs-default,nodejs,default,1024,measure,idle,off,True,update_env,2,,,,1767225609.038,2026-01-01T00:00:09.038+00:00,f933039e-63a4-42ea-b16e-2f5cf32b63da,200,,False,947.804,68.84,69,851.12,True,140,logs
31,pilot_cold,mock,nodejs-default,nodejs,default,1024,follow_up,idle,off,False,update_env,2,,,,1767225609.986,2026-01-01T00:00:09.985+00:00,0022c49b-0882-49c7-877a-ddf43f0ef08e,200,,False,68.287,45.06,46,,False,140,logs
32,pilot_cold,mock,java-optimised,java,optimised,1024,measure,idle,off,True,update_env,2,,,,1767225610.054,2026-01-01T00:00:10.054+00:00,2cd5038e-8df2-4b44-8b7b-d84767518417,200,,False,705.04,61.6,62,606.57,True,110,logs
33,pilot_cold,mock,java-optimised,java,optimised,1024,follow_up,idle,off,False,update_env,2,,,,1767225610.759,2026-01-01T00:00:10.759+00:00,e26c6efd-43d5-4a70-9d3c-cb542ffe269a,200,,False,68.901,21.0,22,,False,110,logs
34,pilot_cold,mock,python-optimised,python,optimised,1024,measure,idle,off,True,update_env,2,,,,1767225610.828,2026-01-01T00:00:10.828+00:00,c8adcba0-bf53-4c77-929e-2e016941d425,200,,False,214.053,27.51,28,161.3,True,38,logs
35,pilot_cold,mock,python-optimised,python,optimised,1024,follow_up,idle,off,False,update_env,2,,,,1767225611.042,2026-01-01T00:00:11.042+00:00,49259017-c70d-4c54-9ee9-b0d2eea03657,200,,False,47.607,23.77,24,,False,38,logs
36,pilot_cold,mock,python-bytecode,python,bytecode,1024,measure,idle,off,True,update_env,2,,,,1767225611.09,2026-01-01T00:00:11.089+00:00,e586b0c1-f918-4b4e-9c25-5477fcabc31c,200,,False,267.809,25.77,26,214.03,True,42,logs
37,pilot_cold,mock,python-bytecode,python,bytecode,1024,follow_up,idle,off,False,update_env,2,,,,1767225611.358,2026-01-01T00:00:11.357+00:00,715e3d28-855b-4f30-bdce-80b4aa9cc24a,200,,False,69.843,26.5,27,,False,42,logs
38,pilot_cold,mock,nodejs-optimised,nodejs,optimised,1024,measure,idle,off,True,update_env,2,,,,1767225611.428,2026-01-01T00:00:11.427+00:00,8c74b258-d5b9-44cb-9d07-f67f8e0125d0,200,,False,302.927,58.98,59,217.94,True,72,logs
39,pilot_cold,mock,nodejs-optimised,nodejs,optimised,1024,follow_up,idle,off,False,update_env,2,,,,1767225611.73,2026-01-01T00:00:11.730+00:00,e5a8f829-4e8d-49a8-ab9e-158cb5bb6ea6,200,,False,83.579,50.46,51,,False,72,logs
40,pilot_cold,mock,python-default,python,default,1024,measure,idle,off,True,update_env,2,,,,1767225611.814,2026-01-01T00:00:11.814+00:00,12ad1814-6b5f-4623-86e7-f93eb166174f,200,,False,830.199,29.86,30,774.41,True,118,logs
41,pilot_cold,mock,python-default,python,default,1024,follow_up,idle,off,False,update_env,2,,,,1767225612.644,2026-01-01T00:00:12.644+00:00,3d19fdec-6621-4775-8a54-6d6751c20a47,200,,False,70.091,28.01,29,,False,118,logs
42,pilot_cold,mock,nodejs-optimised,nodejs,optimised,1024,measure,idle,off,True,update_env,3,,,,1767225612.714,2026-01-01T00:00:12.714+00:00,712054ed-258e-4bfd-88fa-dccf24967f50,200,,False,266.755,59.21,60,191.95,True,72,logs
43,pilot_cold,mock,nodejs-optimised,nodejs,optimised,1024,follow_up,idle,off,False,update_env,3,,,,1767225612.981,2026-01-01T00:00:12.981+00:00,192a7a43-ae5c-437b-a2e6-c305d3366f6a,200,,False,78.267,50.84,51,,False,72,logs
44,pilot_cold,mock,python-default,python,default,1024,measure,idle,off,True,update_env,3,,,,1767225613.059,2026-01-01T00:00:13.059+00:00,9278b1cf-75f1-4415-a3fa-d91068cf1368,200,,False,841.871,26.65,27,786.36,True,118,logs
45,pilot_cold,mock,python-default,python,default,1024,follow_up,idle,off,False,update_env,3,,,,1767225613.901,2026-01-01T00:00:13.901+00:00,788a331f-33ff-4d14-8b99-e950a6eba3a9,200,,False,43.97,22.69,23,,False,118,logs
46,pilot_cold,mock,python-optimised,python,optimised,1024,measure,idle,off,True,update_env,3,,,,1767225613.945,2026-01-01T00:00:13.945+00:00,b860e40f-9b32-4f92-acd8-a83009c63ffa,200,,False,220.594,28.68,29,163.35,True,38,logs
47,pilot_cold,mock,python-optimised,python,optimised,1024,follow_up,idle,off,False,update_env,3,,,,1767225614.166,2026-01-01T00:00:14.165+00:00,4d824e61-5a5e-49a7-92f8-68bc6fd222b9,200,,False,51.658,25.64,26,,False,38,logs
48,pilot_cold,mock,java-optimised,java,optimised,1024,measure,idle,off,True,update_env,3,,,,1767225614.217,2026-01-01T00:00:14.217+00:00,d795dc7a-f279-443a-9786-15e5fcf9d947,200,,False,582.519,61.48,62,491.37,True,110,logs
49,pilot_cold,mock,java-optimised,java,optimised,1024,follow_up,idle,off,False,update_env,3,,,,1767225614.8,2026-01-01T00:00:14.799+00:00,a7b20f49-76e2-4f5c-84fe-00cf36b9824d,200,,False,50.896,23.02,24,,False,110,logs
50,pilot_cold,mock,java-default,java,default,1024,measure,idle,off,True,update_env,3,,,,1767225614.851,2026-01-01T00:00:14.850+00:00,bc01cdb6-321a-4b8a-8774-bb92dea34caa,200,,False,886.153,65.56,66,784.62,True,165,logs
51,pilot_cold,mock,java-default,java,default,1024,follow_up,idle,off,False,update_env,3,,,,1767225615.737,2026-01-01T00:00:15.737+00:00,942ddd41-f5c1-4140-b6ec-2cb5f0c473e4,200,,False,56.992,23.02,24,,False,165,logs
52,pilot_cold,mock,nodejs-default,nodejs,default,1024,measure,idle,off,True,update_env,3,,,,1767225615.794,2026-01-01T00:00:15.794+00:00,ee5b691f-8752-4116-a513-6555b128732e,200,,False,671.539,65.04,66,580.79,True,140,logs
53,pilot_cold,mock,nodejs-default,nodejs,default,1024,follow_up,idle,off,False,update_env,3,,,,1767225616.466,2026-01-01T00:00:16.465+00:00,bd514b1b-2e7e-4924-bb0a-2e74b0456692,200,,False,73.129,47.66,48,,False,140,logs
54,pilot_cold,mock,python-bytecode,python,bytecode,1024,measure,idle,off,True,update_env,3,,,,1767225616.539,2026-01-01T00:00:16.538+00:00,1dc8a9a0-35c5-49a5-b0b8-55e09eb580fb,200,,False,355.917,32.08,33,271.22,True,42,logs
55,pilot_cold,mock,python-bytecode,python,bytecode,1024,follow_up,idle,off,False,update_env,3,,,,1767225616.895,2026-01-01T00:00:16.894+00:00,6de4dc3a-b4d6-4b42-8221-20abe5360973,200,,False,50.962,23.74,24,,False,42,logs
56,pilot_cold,mock,nodejs-optimised,nodejs,optimised,1024,measure,idle,off,True,update_env,4,,,,1767225616.946,2026-01-01T00:00:16.945+00:00,7fae0edf-64a5-40b9-b31a-7e4b9e4b92f4,200,,False,279.944,67.25,68,177.89,True,72,logs
57,pilot_cold,mock,nodejs-optimised,nodejs,optimised,1024,follow_up,idle,off,False,update_env,4,,,,1767225617.225,2026-01-01T00:00:17.225+00:00,36b98468-1aff-4f0c-8535-e3ec0f3299d7,200,,False,71.237,44.6,45,,False,72,logs
58,pilot_cold,mock,python-bytecode,python,bytecode,1024,measure,idle,off,True,update_env,4,,,,1767225617.297,2026-01-01T00:00:17.296+00:00,386fd764-995d-423a-adc8-731183b235ac,200,,False,305.444,26.31,27,246.32,True,42,logs
59,pilot_cold,mock,python-bytecode,python,bytecode,1024,follow_up,idle,off,False,update_env,4,,,,1767225617.602,2026-01-01T00:00:17.602+00:00,ce77f7d5-8c8d-4b6e-aaca-49b65e762d04,200,,False,49.813,29.11,30,,False,42,logs
60,pilot_cold,mock,python-optimised,python,optimised,1024,measure,idle,off,True,update_env,4,,,,1767225617.652,2026-01-01T00:00:17.651+00:00,052f6fdc-39a9-4bc7-a2c9-a1147623a0dd,200,,False,224.976,25.14,26,180.01,True,38,logs
61,pilot_cold,mock,python-optimised,python,optimised,1024,follow_up,idle,off,False,update_env,4,,,,1767225617.877,2026-01-01T00:00:17.876+00:00,434fcdb8-38c3-48bd-b85f-5cc2f4b78fa7,200,,False,74.968,26.24,27,,False,38,logs
62,pilot_cold,mock,java-optimised,java,optimised,1024,measure,idle,off,True,update_env,4,,,,1767225617.952,2026-01-01T00:00:17.951+00:00,079c0b5b-5cd6-4972-a360-11be4fa005b6,200,,False,574.993,72.82,73,468.88,True,110,logs
63,pilot_cold,mock,java-optimised,java,optimised,1024,follow_up,idle,off,False,update_env,4,,,,1767225618.527,2026-01-01T00:00:18.526+00:00,bc9004b8-9092-4062-b584-1aede1e1d7f1,200,,False,50.278,20.6,21,,False,110,logs
64,pilot_cold,mock,nodejs-default,nodejs,default,1024,measure,idle,off,True,update_env,4,,,,1767225618.577,2026-01-01T00:00:18.577+00:00,a39625b7-7d03-4d0a-9ccd-9e6073130f74,200,,False,801.623,51.98,52,719.1,True,140,logs
65,pilot_cold,mock,nodejs-default,nodejs,default,1024,follow_up,idle,off,False,update_env,4,,,,1767225619.379,2026-01-01T00:00:19.378+00:00,dbe9942a-cd1f-4f9d-b22b-97c536652c2a,200,,False,74.703,56.17,57,,False,140,logs
66,pilot_cold,mock,python-default,python,default,1024,measure,idle,off,True,update_env,4,,,,1767225619.454,2026-01-01T00:00:19.453+00:00,a771995b-53d1-43cd-9890-c92c44d7594b,200,,False,643.481,28.41,29,579.99,True,118,logs
67,pilot_cold,mock,python-default,python,default,1024,follow_up,idle,off,False,update_env,4,,,,1767225620.097,2026-01-01T00:00:20.097+00:00,8e0116ba-8845-4fcc-9228-49a45e651de7,200,,False,48.419,22.89,23,,False,118,logs
68,pilot_cold,mock,java-default,java,default,1024,measure,idle,off,True,update_env,4,,,,1767225620.145,2026-01-01T00:00:20.145+00:00,ef2f7569-62ed-4e66-91a0-3df7946b25fd,200,,False,858.204,62.07,63,768.44,True,165,logs
69,pilot_cold,mock,java-default,java,default,1024,follow_up,idle,off,False,update_env,4,,,,1767225621.004,2026-01-01T00:00:21.003+00:00,09fd3c07-0a05-4b40-9b39-ceb697cd7b30,200,,False,62.646,23.9,24,,False,165,logs
70,pilot_cold,mock,python-default,python,default,1024,measure,idle,off,True,update_env,5,,,,1767225621.066,2026-01-01T00:00:21.066+00:00,0384bbeb-feac-42f3-8b14-c173daa4da97,200,,False,1032.8,22.02,23,975.25,True,118,logs
71,pilot_cold,mock,python-default,python,default,1024,follow_up,idle,off,False,update_env,5,,,,1767225622.099,2026-01-01T00:00:22.099+00:00,59b5865a-553c-4976-bb46-869a9e4fee70,200,,False,63.852,27.22,28,,False,118,logs
72,pilot_cold,mock,java-optimised,java,optimised,1024,measure,idle,off,True,update_env,5,,,,1767225622.163,2026-01-01T00:00:22.162+00:00,b16d1daf-3978-4442-8707-d55c3d5b6b81,200,,False,733.215,59.47,60,645.06,True,110,logs
73,pilot_cold,mock,java-optimised,java,optimised,1024,follow_up,idle,off,False,update_env,5,,,,1767225622.896,2026-01-01T00:00:22.896+00:00,7b61222e-49ab-4c84-9829-8ea4045b261c,200,,False,41.652,22.58,23,,False,110,logs
74,pilot_cold,mock,java-default,java,default,1024,measure,idle,off,True,update_env,5,,,,1767225622.938,2026-01-01T00:00:22.937+00:00,ece95c62-cdf1-4e7c-a6ab-6f67b8be3178,200,,False,862.494,62.72,63,758.34,True,165,logs
75,pilot_cold,mock,java-default,java,default,1024,follow_up,idle,off,False,update_env,5,,,,1767225623.8,2026-01-01T00:00:23.800+00:00,f29f3ec9-32b9-43c9-8984-6a1b328eb9cc,200,,False,65.167,22.14,23,,False,165,logs
76,pilot_cold,mock,python-bytecode,python,bytecode,1024,measure,idle,off,True,update_env,5,,,,1767225623.865,2026-01-01T00:00:23.865+00:00,bada509a-8c13-4738-8784-6407aec410e5,200,,False,408.727,26.68,27,360.59,True,42,logs
77,pilot_cold,mock,python-bytecode,python,bytecode,1024,follow_up,idle,off,False,update_env,5,,,,1767225624.274,2026-01-01T00:00:24.274+00:00,fe74df22-7895-48df-84e0-3b5d74524493,200,,False,53.892,26.42,27,,False,42,logs
78,pilot_cold,mock,nodejs-optimised,nodejs,optimised,1024,measure,idle,off,True,update_env,5,,,,1767225624.328,2026-01-01T00:00:24.328+00:00,a758409d-b756-4883-8d85-059e0411d9d1,200,,False,256.609,66.69,67,165.84,True,72,logs
79,pilot_cold,mock,nodejs-optimised,nodejs,optimised,1024,follow_up,idle,off,False,update_env,5,,,,1767225624.585,2026-01-01T00:00:24.584+00:00,91e65a81-1d63-4e52-ae3c-ac79dc1f41dd,200,,False,73.444,52.58,53,,False,72,logs
80,pilot_cold,mock,nodejs-default,nodejs,default,1024,measure,idle,off,True,update_env,5,,,,1767225624.658,2026-01-01T00:00:24.658+00:00,5bd92729-5398-42e6-94b7-b3d2823a66f6,200,,False,596.066,62.37,63,505.43,True,140,logs
81,pilot_cold,mock,nodejs-default,nodejs,default,1024,follow_up,idle,off,False,update_env,5,,,,1767225625.254,2026-01-01T00:00:25.254+00:00,a4c57574-b735-49cd-8dcf-aea9c87e04f1,200,,False,65.053,44.46,45,,False,140,logs
82,pilot_cold,mock,python-optimised,python,optimised,1024,measure,idle,off,True,update_env,5,,,,1767225625.319,2026-01-01T00:00:25.319+00:00,f852b89d-e9d7-43e7-8a75-561e00399eb0,200,,False,243.715,21.72,22,195.91,True,38,logs
83,pilot_cold,mock,python-optimised,python,optimised,1024,follow_up,idle,off,False,update_env,5,,,,1767225625.563,2026-01-01T00:00:25.562+00:00,87bd3734-1497-47d3-a2f8-252b7592e41e,200,,False,46.37,24.33,25,,False,38,logs
84,pilot_cold,mock,nodejs-default,nodejs,default,1024,measure,idle,off,True,update_env,6,,,,1767225625.609,2026-01-01T00:00:25.609+00:00,ad1c2710-9c6e-4bf8-a47c-58f6dbcba837,200,,False,641.763,65.32,66,549.31,True,140,logs
85,pilot_cold,mock,nodejs-default,nodejs,default,1024,follow_up,idle,off,False,update_env,6,,,,1767225626.251,2026-01-01T00:00:26.251+00:00,e611af37-66de-4c85-8494-ef77e7929c8a,200,,False,84.956,47.31,48,,False,140,logs
86,pilot_cold,mock,nodejs-optimised,nodejs,optimised,1024,measure,idle,off,True,update_env,6,,,,1767225626.336,2026-01-01T00:00:26.336+00:00,dd9db903-0cfc-4af1-9f53-dbfbcfef74c2,200,,False,305.91,69.24,70,203.73,True,72,logs
87,pilot_cold,mock,nodejs-optimised,nodejs,optimised,1024,follow_up,idle,off,False,update_env,6,,,,1767225626.642,2026-01-01T00:00:26.641+00:00,b0ebf01e-c7c4-4d18-978f-1bcc97da7dc7,200,,False,71.392,41.7,42,,False,72,logs
88,pilot_cold,mock,java-default,java,default,1024,measure,idle,off,True,update_env,6,,,,1767225626.713,2026-01-01T00:00:26.713+00:00,cc94715b-635a-44a2-835e-12833383ac39,200,,False,1193.384,67.5,68,1100.99,True,165,logs
89,pilot_cold,mock,java-default,java,default,1024,follow_up,idle,off,False,update_env,6,,,,1767225627.907,2026-01-01T00:00:27.906+00:00,685a6b0b-4abe-4ba4-8222-7747853ff789,200,,False,50.813,21.04,22,,False,165,logs
90,pilot_cold,mock,java-optimised,java,optimised,1024,measure,idle,off,True,update_env,6,,,,1767225627.958,2026-01-01T00:00:27.957+00:00,d278cae7-09e5-4c98-b6c5-d2283116c5c6,200,,False,768.388,61.4,62,683.38,True,110,logs
91,pilot_cold,mock,java-optimised,java,optimised,1024,follow_up,idle,off,False,update_env,6,,,,1767225628.726,2026-01-01T00:00:28.725+00:00,cc70be61-b991-4e5a-817a-acee6ca94057,200,,False,60.883,22.27,23,,False,110,logs
92,pilot_cold,mock,python-bytecode,python,bytecode,1024,measure,idle,off,True,update_env,6,,,,1767225628.787,2026-01-01T00:00:28.786+00:00,8aee1591-1c4f-4a48-a69f-7c4ed7637450,200,,False,329.988,30.83,31,269.62,True,42,logs
93,pilot_cold,mock,python-bytecode,python,bytecode,1024,follow_up,idle,off,False,update_env,6,,,,1767225629.117,2026-01-01T00:00:29.116+00:00,1c3212bd-57ff-403e-a788-b906c5dcb15f,200,,False,61.598,28.9,29,,False,42,logs
94,pilot_cold,mock,python-optimised,python,optimised,1024,measure,idle,off,True,update_env,6,,,,1767225629.178,2026-01-01T00:00:29.178+00:00,6f9cecba-ddec-4ef4-9055-cb23c360535f,200,,False,240.234,25.51,26,198.75,True,38,logs
95,pilot_cold,mock,python-optimised,python,optimised,1024,follow_up,idle,off,False,update_env,6,,,,1767225629.419,2026-01-01T00:00:29.418+00:00,1ff71176-a68d-4805-b0fa-ffd62704904b,200,,False,46.994,26.26,27,,False,38,logs
96,pilot_cold,mock,python-default,python,default,1024,measure,idle,off,True,update_env,6,,,,1767225629.466,2026-01-01T00:00:29.465+00:00,58685364-79fc-4d6f-9309-5c12fa0b6600,200,,False,468.226,23.92,24,427.03,True,118,logs
97,pilot_cold,mock,python-default,python,default,1024,follow_up,idle,off,False,update_env,6,,,,1767225629.934,2026-01-01T00:00:29.933+00:00,4914a730-1751-4342-9685-15158aa457d4,200,,False,56.868,25.84,26,,False,118,logs
98,pilot_cold,mock,java-optimised,java,optimised,1024,measure,idle,off,True,update_env,7,,,,1767225629.991,2026-01-01T00:00:29.990+00:00,f9ce10f0-8f81-4a40-aa42-4176122a6bfc,200,,False,617.342,62.81,63,514.13,True,110,logs
99,pilot_cold,mock,java-optimised,java,optimised,1024,follow_up,idle,off,False,update_env,7,,,,1767225630.608,2026-01-01T00:00:30.608+00:00,d3b340ed-309b-45bf-98e2-dcadd4e0ed42,200,,False,51.816,19.92,20,,False,110,logs
100,pilot_cold,mock,nodejs-default,nodejs,default,1024,measure,idle,off,True,update_env,7,,,,1767225630.66,2026-01-01T00:00:30.659+00:00,be7f766a-7c3f-49a5-8a2e-df8bb321952f,200,,False,674.862,58.38,59,572.27,True,140,logs
101,pilot_cold,mock,nodejs-default,nodejs,default,1024,follow_up,idle,off,False,update_env,7,,,,1767225631.335,2026-01-01T00:00:31.334+00:00,3a592197-aaca-4473-bb23-db4a0260c93f,200,,False,76.196,47.24,48,,False,140,logs
102,pilot_cold,mock,nodejs-optimised,nodejs,optimised,1024,measure,idle,off,True,update_env,7,,,,1767225631.411,2026-01-01T00:00:31.410+00:00,6cb6a035-4a6e-41cd-ba81-823a61a7f42b,200,,False,266.118,56.54,57,183.66,True,72,logs
103,pilot_cold,mock,nodejs-optimised,nodejs,optimised,1024,follow_up,idle,off,False,update_env,7,,,,1767225631.677,2026-01-01T00:00:31.677+00:00,152e242a-47bb-4626-b716-47a6b382cc06,200,,False,70.543,47.6,48,,False,72,logs
104,pilot_cold,mock,python-bytecode,python,bytecode,1024,measure,idle,off,True,update_env,7,,,,1767225631.748,2026-01-01T00:00:31.747+00:00,3f39cac8-e033-4d98-a503-16a5ef5879cb,200,,False,282.138,27.26,28,223.14,True,42,logs
105,pilot_cold,mock,python-bytecode,python,bytecode,1024,follow_up,idle,off,False,update_env,7,,,,1767225632.03,2026-01-01T00:00:32.029+00:00,2e8e9ede-1d1c-4f85-9b45-37969836bd1c,200,,False,64.695,23.62,24,,False,42,logs
106,pilot_cold,mock,java-default,java,default,1024,measure,idle,off,True,update_env,7,,,,1767225632.094,2026-01-01T00:00:32.094+00:00,5a19f40b-9c5f-4e17-a31f-7fdf33700015,200,,False,868.352,64.39,65,770.05,True,165,logs
107,pilot_cold,mock,java-default,java,default,1024,follow_up,idle,off,False,update_env,7,,,,1767225632.963,2026-01-01T00:00:32.962+00:00,644a7c63-dad9-4adc-a938-19c498d40ad0,200,,False,39.613,19.95,20,,False,165,logs
108,pilot_cold,mock,python-default,python,default,1024,measure,idle,off,True,update_env,7,,,,1767225633.002,2026-01-01T00:00:33.002+00:00,8cf064d3-ceee-46e1-8164-06e79fbb95d1,200,,False,728.677,25.69,26,684.36,True,118,logs
109,pilot_cold,mock,python-default,python,default,1024,follow_up,idle,off,False,update_env,7,,,,1767225633.731,2026-01-01T00:00:33.731+00:00,f7113fc3-9c1c-4774-ad27-faa4a6ca2497,200,,False,69.395,27.6,28,,False,118,logs
110,pilot_cold,mock,python-optimised,python,optimised,1024,measure,idle,off,True,update_env,7,,,,1767225633.8,2026-01-01T00:00:33.800+00:00,770e6fd1-b8e5-4ea8-817d-e53f63d78a60,200,,False,187.576,24.79,25,113.42,True,38,logs
111,pilot_cold,mock,python-optimised,python,optimised,1024,follow_up,idle,off,False,update_env,7,,,,1767225633.988,2026-01-01T00:00:33.988+00:00,fae608bd-43ee-432b-85f5-c3204f091078,200,,False,42.922,24.85,25,,False,38,logs
112,pilot_cold,mock,nodejs-default,nodejs,default,1024,measure,idle,off,True,update_env,8,,,,1767225634.031,2026-01-01T00:00:34.030+00:00,6259acf8-efe9-4e4a-8608-3490d52fcf47,200,,False,868.227,71.12,72,783.41,True,140,logs
113,pilot_cold,mock,nodejs-default,nodejs,default,1024,follow_up,idle,off,False,update_env,8,,,,1767225634.899,2026-01-01T00:00:34.899+00:00,d736c7f1-44da-4a87-9dbb-51c5082ed82d,200,,False,85.171,49.7,50,,False,140,logs
114,pilot_cold,mock,python-default,python,default,1024,measure,idle,off,True,update_env,8,,,,1767225634.984,2026-01-01T00:00:34.984+00:00,43b9fe3c-93d2-42f3-b35c-125eaadf1235,200,,False,658.916,23.8,24,618.3,True,118,logs
115,pilot_cold,mock,python-default,python,default,1024,follow_up,idle,off,False,update_env,8,,,,1767225635.643,2026-01-01T00:00:35.643+00:00,2dcc4497-07e9-4e8c-9ea4-de86424e1d9a,200,,False,42.414,23.79,24,,False,118,logs
116,pilot_cold,mock,nodejs-optimised,nodejs,optimised,1024,measure,idle,off,True,update_env,8,,,,1767225635.686,2026-01-01T00:00:35.685+00:00,b434e69d-b67e-4254-b820-5ab683c11a05,200,,False,349.076,72.64,73,258.2,True,72,logs
117,pilot_cold,mock,nodejs-optimised,nodejs,optimised,1024,follow_up,idle,off,False,update_env,8,,,,1767225636.035,2026-01-01T00:00:36.034+00:00,32d62689-7c2d-4f68-b1ac-7a32fdcbcf74,200,,False,65.637,47.82,48,,False,72,logs
118,pilot_cold,mock,java-optimised,java,optimised,1024,measure,idle,off,True,update_env,8,,,,1767225636.1,2026-01-01T00:00:36.100+00:00,e75a4995-b164-482d-81ea-cdf24e61ef3c,200,,False,581.907,60.74,61,495.74,True,110,logs
119,pilot_cold,mock,java-optimised,java,optimised,1024,follow_up,idle,off,False,update_env,8,,,,1767225636.682,2026-01-01T00:00:36.682+00:00,089250ef-0b2d-4a8e-9539-a78b8fc7d02f,200,,False,51.006,22.04,23,,False,110,logs
120,pilot_cold,mock,python-bytecode,python,bytecode,1024,measure,idle,off,True,update_env,8,,,,1767225636.733,2026-01-01T00:00:36.733+00:00,45171e46-db97-407e-9f15-a41feb9babe0,200,,False,257.595,29.32,30,193.53,True,42,logs
121,pilot_cold,mock,python-bytecode,python,bytecode,1024,follow_up,idle,off,False,update_env,8,,,,1767225636.991,2026-01-01T00:00:36.990+00:00,ec8a1a4f-d7b2-4841-8c67-faed8cb0e67c,200,,False,51.324,24.98,25,,False,42,logs
122,pilot_cold,mock,java-default,java,default,1024,measure,idle,off,True,update_env,8,,,,1767225637.042,2026-01-01T00:00:37.042+00:00,9bc86c12-7069-4af3-9f28-ece5f50a81cf,200,,False,920.226,60.09,61,844.36,True,165,logs
123,pilot_cold,mock,java-default,java,default,1024,follow_up,idle,off,False,update_env,8,,,,1767225637.962,2026-01-01T00:00:37.962+00:00,cfbf54d4-0850-49fa-9b89-d8a140d768de,200,,False,72.186,22.56,23,,False,165,logs
124,pilot_cold,mock,python-optimised,python,optimised,1024,measure,idle,off,True,update_env,8,,,,1767225638.035,2026-01-01T00:00:38.034+00:00,981b7341-64cf-4b21-a4f0-dc1e25d02b0e,200,,False,166.493,23.54,24,116.86,True,38,logs
125,pilot_cold,mock,python-optimised,python,optimised,1024,follow_up,idle,off,False,update_env,8,,,,1767225638.201,2026-01-01T00:00:38.201+00:00,e01a1c82-2ab1-4283-bc08-9199d0b36216,200,,False,50.526,26.66,27,,False,38,logs
126,pilot_cold,mock,python-default,python,default,1024,measure,idle,off,True,update_env,9,,,,1767225638.252,2026-01-01T00:00:38.251+00:00,81263a1c-03d2-4908-94dd-7e3d3aab6dd6,200,,False,661.376,25.68,26,605.05,True,118,logs
127,pilot_cold,mock,python-default,python,default,1024,follow_up,idle,off,False,update_env,9,,,,1767225638.913,2026-01-01T00:00:38.913+00:00,c67a93ff-f358-47ca-924e-8661f28783bc,200,,False,50.97,26.28,27,,False,118,logs
128,pilot_cold,mock,nodejs-default,nodejs,default,1024,measure,idle,off,True,update_env,9,,,,1767225638.964,2026-01-01T00:00:38.964+00:00,33b525c3-18cb-4efa-b509-3ce1bb1116c8,200,,False,800.832,72.03,73,709.64,True,140,logs
129,pilot_cold,mock,nodejs-default,nodejs,default,1024,follow_up,idle,off,False,update_env,9,,,,1767225639.765,2026-01-01T00:00:39.764+00:00,e44fe4d3-8d42-4631-90a6-5d2772ba7828,200,,False,79.315,53.2,54,,False,140,logs
130,pilot_cold,mock,java-default,java,default,1024,measure,idle,off,True,update_env,9,,,,1767225639.844,2026-01-01T00:00:39.844+00:00,d706b3e9-3c05-4db6-a55c-86a421e15c2c,200,,False,825.707,60.87,61,741.84,True,165,logs
131,pilot_cold,mock,java-default,java,default,1024,follow_up,idle,off,False,update_env,9,,,,1767225640.67,2026-01-01T00:00:40.669+00:00,d0745bd5-b36d-45b8-abdd-53e956aac6e5,200,,False,41.645,22.1,23,,False,165,logs
132,pilot_cold,mock,nodejs-optimised,nodejs,optimised,1024,measure,idle,off,True,update_env,9,,,,1767225640.712,2026-01-01T00:00:40.711+00:00,eda691df-bd49-47ce-8fd9-5d939b6ccbc0,200,,False,309.174,63.6,64,206.68,True,72,logs
133,pilot_cold,mock,nodejs-optimised,nodejs,optimised,1024,follow_up,idle,off,False,update_env,9,,,,1767225641.021,2026-01-01T00:00:41.020+00:00,f556264d-768c-4eef-88c7-318ac91d72b4,200,,False,81.014,50.13,51,,False,72,logs
134,pilot_cold,mock,python-optimised,python,optimised,1024,measure,idle,off,True,update_env,9,,,,1767225641.102,2026-01-01T00:00:41.101+00:00,6d943b54-462a-4786-bf95-b7d10acb1234,200,,False,225.74,25.76,26,177.06,True,38,logs
135,pilot_cold,mock,python-optimised,python,optimised,1024,follow_up,idle,off,False,update_env,9,,,,1767225641.327,2026-01-01T00:00:41.327+00:00,db073352-4f93-4bf8-83c5-1e96ccfb3530,200,,False,56.135,23.75,24,,False,38,logs
136,pilot_cold,mock,java-optimised,java,optimised,1024,measure,idle,off,True,update_env,9,,,,1767225641.384,2026-01-01T00:00:41.383+00:00,9ceb7989-7e2a-4587-ba5c-556468677ef3,200,,False,550.796,64.73,65,445.21,True,110,logs
137,pilot_cold,mock,java-optimised,java,optimised,1024,follow_up,idle,off,False,update_env,9,,,,1767225641.934,2026-01-01T00:00:41.934+00:00,0e57d97e-9e3e-44ee-af5f-5c644fc746ae,200,,False,45.635,20.68,21,,False,110,logs
138,pilot_cold,mock,python-bytecode,python,bytecode,1024,measure,idle,off,True,update_env,9,,,,1767225641.98,2026-01-01T00:00:41.980+00:00,ee156509-9abb-42bb-aae5-939873aa70e3,200,,False,272.653,28.64,29,200.9,True,42,logs
139,pilot_cold,mock,python-bytecode,python,bytecode,1024,follow_up,idle,off,False,update_env,9,,,,1767225642.253,2026-01-01T00:00:42.252+00:00,9affae90-bb4a-4356-9ba1-46cec8169b91,200,,False,47.028,26.82,27,,False,42,logs
140,pilot_cold,mock,python-optimised,python,optimised,1024,measure,idle,off,True,update_env,10,,,,1767225642.3,2026-01-01T00:00:42.299+00:00,10ec5da4-5ef1-4339-a74e-189030042b54,200,,False,209.677,24.63,25,155.76,True,38,logs
141,pilot_cold,mock,python-optimised,python,optimised,1024,follow_up,idle,off,False,update_env,10,,,,1767225642.509,2026-01-01T00:00:42.509+00:00,e5b36608-43c4-46bb-936d-85f63251a08a,200,,False,44.956,29.58,30,,False,38,logs
142,pilot_cold,mock,java-optimised,java,optimised,1024,measure,idle,off,True,update_env,10,,,,1767225642.554,2026-01-01T00:00:42.554+00:00,54879ee9-2a5d-4270-84c8-3f457681e0db,200,,False,585.534,69.82,70,500.62,True,110,logs
143,pilot_cold,mock,java-optimised,java,optimised,1024,follow_up,idle,off,False,update_env,10,,,,1767225643.14,2026-01-01T00:00:43.139+00:00,0adb1d38-5a6b-4cfa-8554-36a61856bdeb,200,,False,47.302,22.85,23,,False,110,logs
144,pilot_cold,mock,nodejs-default,nodejs,default,1024,measure,idle,off,True,update_env,10,,,,1767225643.187,2026-01-01T00:00:43.187+00:00,a67c9475-9a6c-4e0d-a3b8-b3a38f836a93,200,,False,672.677,67.91,68,579.62,True,140,logs
145,pilot_cold,mock,nodejs-default,nodejs,default,1024,follow_up,idle,off,False,update_env,10,,,,1767225643.86,2026-01-01T00:00:43.859+00:00,1a93951a-1844-4d54-9070-1d962875cb32,200,,False,97.539,50.04,51,,False,140,logs
146,pilot_cold,mock,java-default,java,default,1024,measure,idle,off,True,update_env,10,,,,1767225643.957,2026-01-01T00:00:43.957+00:00,453b6a75-82f4-4e0e-91be-ddeb6d2eaaac,200,,False,963.651,62.18,63,884.05,True,165,logs
147,pilot_cold,mock,java-default,java,default,1024,follow_up,idle,off,False,update_env,10,,,,1767225644.921,2026-01-01T00:00:44.921+00:00,3de65043-b2ed-4ea9-a709-de69cbd78544,200,,False,36.471,20.23,21,,False,165,logs
148,pilot_cold,mock,python-bytecode,python,bytecode,1024,measure,idle,off,True,update_env,10,,,,1767225644.958,2026-01-01T00:00:44.957+00:00,940f6c0b-47d7-4221-ac62-52e8f476b996,200,,False,295.54,27.87,28,218.3,True,42,logs
149,pilot_cold,mock,python-bytecode,python,bytecode,1024,follow_up,idle,off,False,update_env,10,,,,1767225645.253,2026-01-01T00:00:45.253+00:00,65d9d2fe-c9f9-497f-8e0c-b373d93157f8,200,,False,58.063,23.87,24,,False,42,logs
150,pilot_cold,mock,python-default,python,default,1024,measure,idle,off,True,update_env,10,,,,1767225645.311,2026-01-01T00:00:45.311+00:00,a644fc63-7f4b-4cc9-b859-f59f04bbacc5,200,,False,834.734,25.64,26,751.62,True,118,logs
151,pilot_cold,mock,python-default,python,default,1024,follow_up,idle,off,False,update_env,10,,,,1767225646.146,2026-01-01T00:00:46.145+00:00,dd064119-9391-4a9a-9aec-ef755435ba5a,200,,False,64.656,23.75,24,,False,118,logs
152,pilot_cold,mock,nodejs-optimised,nodejs,optimised,1024,measure,idle,off,True,update_env,10,,,,1767225646.21,2026-01-01T00:00:46.210+00:00,45eb9e05-c974-4810-89b2-ca4ac13258be,200,,False,290.465,64.64,65,209.81,True,72,logs
153,pilot_cold,mock,nodejs-optimised,nodejs,optimised,1024,follow_up,idle,off,False,update_env,10,,,,1767225646.501,2026-01-01T00:00:46.500+00:00,97497db4-29a9-497f-82bb-2677aeaa6e3d,200,,False,102.534,49.2,50,,False,72,logs
154,pilot_cold,mock,nodejs-default,nodejs,default,1024,measure,idle,off,True,update_env,11,,,,1767225646.603,2026-01-01T00:00:46.603+00:00,7838cfe9-abd8-48b0-8e32-b2d3e355eec8,200,,False,586.219,65.82,66,488.71,True,140,logs
155,pilot_cold,mock,nodejs-default,nodejs,default,1024,follow_up,idle,off,False,update_env,11,,,,1767225647.19,2026-01-01T00:00:47.189+00:00,940ba34f-57f0-4c47-8037-c78c365154fa,200,,False,83.416,50.43,51,,False,140,logs
156,pilot_cold,mock,python-bytecode,python,bytecode,1024,measure,idle,off,True,update_env,11,,,,1767225647.273,2026-01-01T00:00:47.273+00:00,aff3e69e-cf7e-4e65-a508-304daa5cd74d,200,,False,289.08,26.2,27,239.65,True,42,logs
157,pilot_cold,mock,python-bytecode,python,bytecode,1024,follow_up,idle,off,False,update_env,11,,,,1767225647.562,2026-01-01T00:00:47.562+00:00,eedaaa04-5a04-4448-9bf7-68510766a76f,200,,False,74.737,24.61,25,,False,42,logs
158,pilot_cold,mock,nodejs-optimised,nodejs,optimised,1024,measure,idle,off,True,update_env,11,,,,1767225647.637,2026-01-01T00:00:47.636+00:00,c6f0eb34-2d53-4efa-babe-6af1ac0b5a50,200,,False,271.3,73.1,74,180.1,True,72,logs
159,pilot_cold,mock,nodejs-optimised,nodejs,optimised,1024,follow_up,idle,off,False,update_env,11,,,,1767225647.908,2026-01-01T00:00:47.908+00:00,8afa6653-8747-4af7-b00b-2f37b582a214,200,,False,76.255,54.4,55,,False,72,logs
160,pilot_cold,mock,python-optimised,python,optimised,1024,measure,idle,off,True,update_env,11,,,,1767225647.985,2026-01-01T00:00:47.984+00:00,df011a4a-6241-4330-aeb6-2c30e35491f4,200,,False,203.203,29.02,30,156.57,True,38,logs
161,pilot_cold,mock,python-optimised,python,optimised,1024,follow_up,idle,off,False,update_env,11,,,,1767225648.188,2026-01-01T00:00:48.187+00:00,37b22c83-119e-4759-9558-4f3737d9ab97,200,,False,54.36,28.0,28,,False,38,logs
162,pilot_cold,mock,python-default,python,default,1024,measure,idle,off,True,update_env,11,,,,1767225648.242,2026-01-01T00:00:48.242+00:00,6adad4ad-4df4-4b34-b154-35088fc272ea,200,,False,749.314,27.63,28,695.2,True,118,logs
163,pilot_cold,mock,python-default,python,default,1024,follow_up,idle,off,False,update_env,11,,,,1767225648.991,2026-01-01T00:00:48.991+00:00,3fe1a600-9c4b-4cc9-a58c-32536ff3213a,200,,False,47.948,25.05,26,,False,118,logs
164,pilot_cold,mock,java-default,java,default,1024,measure,idle,off,True,update_env,11,,,,1767225649.039,2026-01-01T00:00:49.039+00:00,40d5c5d6-dd9a-4bf2-b870-cde7e827ed2c,200,,False,740.378,57.98,58,666.57,True,165,logs
165,pilot_cold,mock,java-default,java,default,1024,follow_up,idle,off,False,update_env,11,,,,1767225649.78,2026-01-01T00:00:49.779+00:00,d10cc76b-d9d1-4666-960f-d476eb28f081,200,,False,49.263,21.6,22,,False,165,logs
166,pilot_cold,mock,java-optimised,java,optimised,1024,measure,idle,off,True,update_env,11,,,,1767225649.829,2026-01-01T00:00:49.828+00:00,d76c983f-72f2-491a-b46a-279c916fc1ab,200,,False,595.955,53.29,54,512.53,True,110,logs
167,pilot_cold,mock,java-optimised,java,optimised,1024,follow_up,idle,off,False,update_env,11,,,,1767225650.425,2026-01-01T00:00:50.424+00:00,71501ace-4ea2-4bd9-9b3c-44ac40ed4023,200,,False,44.748,22.9,23,,False,110,logs
0,idle_probe,mock,python-optimised,python,optimised,1024,prime,idle,off,False,,0,,,,1767225650.47,2026-01-01T00:00:50.469+00:00,5c90c208-5b33-48ae-8b42-ae2d39575842,200,,False,47.862,24.25,25,,False,38,logs
1,idle_probe,mock,python-optimised,python,optimised,1024,measure,idle,off,True,idle,0,,,45.0,1767228350.518,2026-01-01T00:45:50.517+00:00,cb3d6e58-dcef-4b8d-a842-17afdccf69ca,200,,False,252.392,25.12,26,166.44,True,38,logs
2,idle_probe,mock,python-optimised,python,optimised,1024,prime,idle,off,False,,0,,,,1767228350.77,2026-01-01T00:45:50.769+00:00,41bea231-6cde-4fac-9e00-23e93fb0510a,200,,False,54.289,28.13,29,,False,38,logs
3,idle_probe,mock,python-optimised,python,optimised,1024,measure,idle,off,True,idle,0,,,20.0,1767229550.824,2026-01-01T01:05:50.824+00:00,0f1732e7-acb3-43d7-8072-273b5b22f01e,200,,False,193.189,27.26,28,142.1,True,38,logs
4,idle_probe,mock,python-optimised,python,optimised,1024,prime,idle,off,False,,0,,,,1767229551.017,2026-01-01T01:05:51.017+00:00,6110c44f-f1e8-4a84-a2f5-868302108c2f,200,,False,58.601,25.02,26,,False,38,logs
5,idle_probe,mock,python-optimised,python,optimised,1024,measure,idle,off,True,idle,0,,,30.0,1767231351.076,2026-01-01T01:35:51.076+00:00,e4a93f38-267b-4063-a053-ed20e3f9227a,200,,False,176.769,24.24,25,125.92,True,38,logs
6,idle_probe,mock,python-optimised,python,optimised,1024,prime,idle,off,False,,0,,,,1767231351.253,2026-01-01T01:35:51.252+00:00,82e39dd4-6757-46bf-8f2e-76ec99582ffc,200,,False,64.481,27.58,28,,False,38,logs
7,idle_probe,mock,python-optimised,python,optimised,1024,measure,idle,off,True,idle,0,,,10.0,1767231951.317,2026-01-01T01:45:51.317+00:00,0da28caf-bcd0-45e3-babb-eaf97e321398,200,,False,253.267,26.32,27,199.56,True,38,logs
8,idle_probe,mock,python-optimised,python,optimised,1024,prime,idle,off,False,,0,,,,1767231951.571,2026-01-01T01:45:51.570+00:00,9cd73546-d01d-47c6-8977-a03628898d7b,200,,False,62.491,22.46,23,,False,38,logs
9,idle_probe,mock,python-optimised,python,optimised,1024,measure,idle,off,True,idle,0,,,5.0,1767232251.633,2026-01-01T01:50:51.633+00:00,c9f69a84-7468-42f4-9c7d-b160478d5964,200,,False,250.698,30.13,31,185.49,True,38,logs
10,idle_probe,mock,python-optimised,python,optimised,1024,prime,idle,off,False,,1,,,,1767232251.884,2026-01-01T01:50:51.883+00:00,9f70cd98-880d-4d4b-bedd-807f67bfbac7,200,,False,77.012,23.3,24,,False,38,logs
11,idle_probe,mock,python-optimised,python,optimised,1024,measure,idle,off,True,idle,1,,,20.0,1767233451.961,2026-01-01T02:10:51.960+00:00,9d45c8ce-9355-414a-b500-0863bb0c1545,200,,False,205.228,27.19,28,146.62,True,38,logs
12,idle_probe,mock,python-optimised,python,optimised,1024,prime,idle,off,False,,1,,,,1767233452.166,2026-01-01T02:10:52.165+00:00,28a646b9-b9e0-45a5-b2b7-680683f0cc96,200,,False,48.843,26.09,27,,False,38,logs
13,idle_probe,mock,python-optimised,python,optimised,1024,measure,idle,off,True,idle,1,,,45.0,1767236152.215,2026-01-01T02:55:52.214+00:00,aa4fefda-0e81-4f74-b3b4-0784bffaf92c,200,,False,236.105,27.57,28,194.0,True,38,logs
14,idle_probe,mock,python-optimised,python,optimised,1024,prime,idle,off,False,,1,,,,1767236152.451,2026-01-01T02:55:52.450+00:00,9cc95708-1707-4d73-93be-d13434f3979e,200,,False,60.079,25.41,26,,False,38,logs
15,idle_probe,mock,python-optimised,python,optimised,1024,measure,idle,off,True,idle,1,,,10.0,1767236752.511,2026-01-01T03:05:52.510+00:00,dec5e3a3-cf77-459d-93fb-715a9d011cd5,200,,False,59.988,26.64,27,,False,38,logs
16,idle_probe,mock,python-optimised,python,optimised,1024,prime,idle,off,False,,1,,,,1767236752.571,2026-01-01T03:05:52.570+00:00,b9caa9fb-916f-4fe8-a8e2-20fbf90bf258,200,,False,59.738,25.87,26,,False,38,logs
17,idle_probe,mock,python-optimised,python,optimised,1024,measure,idle,off,True,idle,1,,,30.0,1767238552.631,2026-01-01T03:35:52.630+00:00,4cd3f0e9-6582-4afc-b170-dabd18edfff6,200,,False,243.415,27.06,28,187.92,True,38,logs
18,idle_probe,mock,python-optimised,python,optimised,1024,prime,idle,off,False,,1,,,,1767238552.874,2026-01-01T03:35:52.874+00:00,432d3625-1949-46f7-8fe9-5403f679f8c0,200,,False,57.42,25.52,26,,False,38,logs
19,idle_probe,mock,python-optimised,python,optimised,1024,measure,idle,off,True,idle,1,,,5.0,1767238852.932,2026-01-01T03:40:52.931+00:00,4aa3dd58-f341-4b11-b27e-f47bb26d11d4,200,,False,46.559,23.55,24,,False,38,logs
20,idle_probe,mock,python-optimised,python,optimised,1024,prime,idle,off,False,,2,,,,1767238852.978,2026-01-01T03:40:52.978+00:00,40111370-7c00-4f38-bb56-19fe72cceecd,200,,False,44.299,25.81,26,,False,38,logs
21,idle_probe,mock,python-optimised,python,optimised,1024,measure,idle,off,True,idle,2,,,30.0,1767240653.022,2026-01-01T04:10:53.022+00:00,19eb4bc0-4dce-4b7e-8a41-2d992787baab,200,,False,207.138,25.7,26,156.24,True,38,logs
22,idle_probe,mock,python-optimised,python,optimised,1024,prime,idle,off,False,,2,,,,1767240653.23,2026-01-01T04:10:53.229+00:00,49b2b209-1f77-4dbc-8929-c92d5bad814e,200,,False,48.618,24.11,25,,False,38,logs
23,idle_probe,mock,python-optimised,python,optimised,1024,measure,idle,off,True,idle,2,,,5.0,1767240953.278,2026-01-01T04:15:53.278+00:00,67c67200-b01e-442a-b575-83ed08055547,200,,False,36.051,23.59,24,,False,38,logs
24,idle_probe,mock,python-optimised,python,optimised,1024,prime,idle,off,False,,2,,,,1767240953.314,2026-01-01T04:15:53.314+00:00,ef9fec6c-50cd-4bc3-ace5-832bb57a22b6,200,,False,40.498,27.08,28,,False,38,logs
25,idle_probe,mock,python-optimised,python,optimised,1024,measure,idle,off,True,idle,2,,,10.0,1767241553.355,2026-01-01T04:25:53.354+00:00,42d36d17-490d-43e3-ab55-71554824ccde,200,,False,225.46,26.81,27,155.48,True,38,logs
26,idle_probe,mock,python-optimised,python,optimised,1024,prime,idle,off,False,,2,,,,1767241553.58,2026-01-01T04:25:53.580+00:00,5bfac431-91ba-4b72-b234-66d1d20b37c3,200,,False,67.296,25.26,26,,False,38,logs
27,idle_probe,mock,python-optimised,python,optimised,1024,measure,idle,off,True,idle,2,,,20.0,1767242753.647,2026-01-01T04:45:53.647+00:00,19ba1ea1-48fd-46d6-969d-961fc62eab06,200,,False,226.682,23.08,24,181.13,True,38,logs
28,idle_probe,mock,python-optimised,python,optimised,1024,prime,idle,off,False,,2,,,,1767242753.874,2026-01-01T04:45:53.874+00:00,dd636626-f649-4778-8dc7-edb6a10390a4,200,,False,59.746,25.61,26,,False,38,logs
29,idle_probe,mock,python-optimised,python,optimised,1024,measure,idle,off,True,idle,2,,,45.0,1767245453.934,2026-01-01T05:30:53.933+00:00,cc36cc9f-1099-47fa-91d7-66e6c36b4a92,200,,False,243.519,24.04,25,181.71,True,38,logs
30,idle_probe,mock,python-optimised,python,optimised,1024,prime,idle,off,False,,3,,,,1767245454.177,2026-01-01T05:30:54.177+00:00,00484cff-8cfc-4b62-bb6f-56ffc00ace9d,200,,False,72.599,26.32,27,,False,38,logs
31,idle_probe,mock,python-optimised,python,optimised,1024,measure,idle,off,True,idle,3,,,20.0,1767246654.25,2026-01-01T05:50:54.250+00:00,e01c16c5-ac21-437b-aa68-53fd123639e1,200,,False,178.008,25.28,26,134.43,True,38,logs
32,idle_probe,mock,python-optimised,python,optimised,1024,prime,idle,off,False,,3,,,,1767246654.428,2026-01-01T05:50:54.428+00:00,ea86f8d7-0411-47a5-bebf-a1ec35b5480b,200,,False,48.63,25.25,26,,False,38,logs
33,idle_probe,mock,python-optimised,python,optimised,1024,measure,idle,off,True,idle,3,,,30.0,1767248454.477,2026-01-01T06:20:54.476+00:00,376a4c50-22c4-455b-9efb-e4aad473a7a1,200,,False,263.173,26.63,27,185.62,True,38,logs
34,idle_probe,mock,python-optimised,python,optimised,1024,prime,idle,off,False,,3,,,,1767248454.74,2026-01-01T06:20:54.739+00:00,72081dff-b4a7-4b6a-9756-702a7b8866bd,200,,False,57.472,27.95,28,,False,38,logs
35,idle_probe,mock,python-optimised,python,optimised,1024,measure,idle,off,True,idle,3,,,10.0,1767249054.797,2026-01-01T06:30:54.797+00:00,df1726e0-a4d2-420a-b66f-6c2dd351815e,200,,False,44.32,24.07,25,,False,38,logs
36,idle_probe,mock,python-optimised,python,optimised,1024,prime,idle,off,False,,3,,,,1767249054.842,2026-01-01T06:30:54.841+00:00,a84fe815-0d62-4ec5-872c-b0019759d2f0,200,,False,46.34,23.94,24,,False,38,logs
37,idle_probe,mock,python-optimised,python,optimised,1024,measure,idle,off,True,idle,3,,,5.0,1767249354.888,2026-01-01T06:35:54.887+00:00,a44d3edd-c9b4-407b-9f66-4cc663ad971d,200,,False,64.0,30.56,31,,False,38,logs
38,idle_probe,mock,python-optimised,python,optimised,1024,prime,idle,off,False,,3,,,,1767249354.952,2026-01-01T06:35:54.951+00:00,3609fdaa-491f-4b6d-9681-338e286cb509,200,,False,38.36,22.21,23,,False,38,logs
39,idle_probe,mock,python-optimised,python,optimised,1024,measure,idle,off,True,idle,3,,,45.0,1767252054.99,2026-01-01T07:20:54.990+00:00,3ab76779-c0eb-40ed-9a7b-584ce43be0d9,200,,False,208.11,25.85,26,163.94,True,38,logs
40,idle_probe,mock,python-optimised,python,optimised,1024,prime,idle,off,False,,4,,,,1767252055.198,2026-01-01T07:20:55.198+00:00,ecf024a0-1426-46a5-8cd5-bd1144752119,200,,False,53.561,24.63,25,,False,38,logs
41,idle_probe,mock,python-optimised,python,optimised,1024,measure,idle,off,True,idle,4,,,45.0,1767254755.252,2026-01-01T08:05:55.251+00:00,1fc6666d-a5e8-4af1-a320-9fd15a967ceb,200,,False,223.459,25.48,26,176.7,True,38,logs
42,idle_probe,mock,python-optimised,python,optimised,1024,prime,idle,off,False,,4,,,,1767254755.475,2026-01-01T08:05:55.475+00:00,b9621afc-1e03-43bc-a455-2a50ade6bb01,200,,False,63.343,26.04,27,,False,38,logs
43,idle_probe,mock,python-optimised,python,optimised,1024,measure,idle,off,True,idle,4,,,10.0,1767255355.539,2026-01-01T08:15:55.538+00:00,6b5758de-b00e-48dd-974a-667b6b31a7c6,200,,False,259.229,24.82,25,208.3,True,38,logs
44,idle_probe,mock,python-optimised,python,optimised,1024,prime,idle,off,False,,4,,,,1767255355.798,2026-01-01T08:15:55.798+00:00,8beef5a1-9965-4f19-b6df-449c073870dc,200,,False,44.518,21.76,22,,False,38,logs
45,idle_probe,mock,python-optimised,python,optimised,1024,measure,idle,off,True,idle,4,,,30.0,1767257155.843,2026-01-01T08:45:55.842+00:00,a758097e-e501-4e5a-9f83-7e9eebb6953f,200,,False,196.622,27.35,28,134.71,True,38,logs
46,idle_probe,mock,python-optimised,python,optimised,1024,prime,idle,off,False,,4,,,,1767257156.039,2026-01-01T08:45:56.039+00:00,9f1364be-3a2e-4cb5-a31b-a9705ab0ff53,200,,False,55.371,28.19,29,,False,38,logs
47,idle_probe,mock,python-optimised,python,optimised,1024,measure,idle,off,True,idle,4,,,5.0,1767257456.095,2026-01-01T08:50:56.094+00:00,2ba78e69-ed75-47ad-81ae-cf1fbdd0d86c,200,,False,63.086,25.58,26,,False,38,logs
48,idle_probe,mock,python-optimised,python,optimised,1024,prime,idle,off,False,,4,,,,1767257456.158,2026-01-01T08:50:56.157+00:00,0d495a3e-d277-4367-a30e-2304deed55db,200,,False,47.805,23.97,24,,False,38,logs
49,idle_probe,mock,python-optimised,python,optimised,1024,measure,idle,off,True,idle,4,,,20.0,1767258656.205,2026-01-01T09:10:56.205+00:00,8c70157f-1291-40d6-b04d-9c070f559021,200,,False,230.803,26.89,27,184.86,True,38,logs
50,idle_probe,mock,python-optimised,python,optimised,1024,prime,idle,off,False,,5,,,,1767258656.436,2026-01-01T09:10:56.436+00:00,404ea6d6-93b3-4075-b3d9-4330031dc65b,200,,False,59.797,23.11,24,,False,38,logs
51,idle_probe,mock,python-optimised,python,optimised,1024,measure,idle,off,True,idle,5,,,5.0,1767258956.496,2026-01-01T09:15:56.496+00:00,c23d3c23-a5cc-4429-bf84-c5f3eed8fd3c,200,,False,52.775,23.51,24,,False,38,logs
52,idle_probe,mock,python-optimised,python,optimised,1024,prime,idle,off,False,,5,,,,1767258956.549,2026-01-01T09:15:56.548+00:00,a8783d61-0c5e-4b31-83bf-aa4545926db3,200,,False,68.974,25.42,26,,False,38,logs
53,idle_probe,mock,python-optimised,python,optimised,1024,measure,idle,off,True,idle,5,,,20.0,1767260156.618,2026-01-01T09:35:56.617+00:00,4c8ef8db-ed92-4241-8169-d68eb84aacb5,200,,False,249.708,28.07,29,184.79,True,38,logs
54,idle_probe,mock,python-optimised,python,optimised,1024,prime,idle,off,False,,5,,,,1767260156.867,2026-01-01T09:35:56.867+00:00,e6e6cf2d-fc42-4e97-8d75-f096ad7dae55,200,,False,65.34,28.36,29,,False,38,logs
55,idle_probe,mock,python-optimised,python,optimised,1024,measure,idle,off,True,idle,5,,,10.0,1767260756.933,2026-01-01T09:45:56.932+00:00,94fc1068-4e14-48dc-a60f-ce50462a8563,200,,False,238.767,26.56,27,176.62,True,38,logs
56,idle_probe,mock,python-optimised,python,optimised,1024,prime,idle,off,False,,5,,,,1767260757.172,2026-01-01T09:45:57.171+00:00,db7f7399-bf82-4a8e-8a47-ed34332e38f6,200,,False,45.947,21.67,22,,False,38,logs
57,idle_probe,mock,python-optimised,python,optimised,1024,measure,idle,off,True,idle,5,,,30.0,1767262557.218,2026-01-01T10:15:57.217+00:00,62b1291e-2a91-49a9-acae-1801f8a6a79f,200,,False,233.628,26.89,27,183.32,True,38,logs
58,idle_probe,mock,python-optimised,python,optimised,1024,prime,idle,off,False,,5,,,,1767262557.451,2026-01-01T10:15:57.451+00:00,514ad20c-ae54-48bb-af16-5a7758225953,200,,False,62.69,31.86,32,,False,38,logs
59,idle_probe,mock,python-optimised,python,optimised,1024,measure,idle,off,True,idle,5,,,45.0,1767265257.514,2026-01-01T11:00:57.513+00:00,67d88513-841e-4ac4-bfcf-64df1ed33c69,200,,False,297.293,25.41,26,218.07,True,38,logs
60,idle_probe,mock,python-optimised,python,optimised,1024,prime,idle,off,False,,6,,,,1767265257.811,2026-01-01T11:00:57.811+00:00,3fe2b7cd-ada5-4b85-9c4f-6701880497f0,200,,False,43.588,22.62,23,,False,38,logs
61,idle_probe,mock,python-optimised,python,optimised,1024,measure,idle,off,True,idle,6,,,30.0,1767267057.855,2026-01-01T11:30:57.854+00:00,10f990e5-98db-49f7-a140-601029af980a,200,,False,191.205,27.67,28,139.91,True,38,logs
62,idle_probe,mock,python-optimised,python,optimised,1024,prime,idle,off,False,,6,,,,1767267058.046,2026-01-01T11:30:58.045+00:00,8fe54b7d-5505-47b8-b430-162fc88b2345,200,,False,43.57,25.25,26,,False,38,logs
63,idle_probe,mock,python-optimised,python,optimised,1024,measure,idle,off,True,idle,6,,,20.0,1767268258.089,2026-01-01T11:50:58.089+00:00,9ac5bd72-d90c-4c54-9f1b-64c2237ada6d,200,,False,202.169,28.74,29,145.3,True,38,logs
64,idle_probe,mock,python-optimised,python,optimised,1024,prime,idle,off,False,,6,,,,1767268258.292,2026-01-01T11:50:58.291+00:00,33916b9a-7cf3-4d0d-87ca-4e5745eca02c,200,,False,67.142,23.06,24,,False,38,logs
65,idle_probe,mock,python-optimised,python,optimised,1024,measure,idle,off,True,idle,6,,,45.0,1767270958.359,2026-01-01T12:35:58.358+00:00,b91f6fc9-e212-4e07-9e36-0263c9569f3e,200,,False,231.507,25.37,26,177.12,True,38,logs
66,idle_probe,mock,python-optimised,python,optimised,1024,prime,idle,off,False,,6,,,,1767270958.59,2026-01-01T12:35:58.590+00:00,cdb088a6-a0e7-486d-beb1-e9f0e74da010,200,,False,46.338,21.79,22,,False,38,logs
67,idle_probe,mock,python-optimised,python,optimised,1024,measure,idle,off,True,idle,6,,,10.0,1767271558.637,2026-01-01T12:45:58.636+00:00,574e8dc0-8aee-40fb-8b47-9d2b8cda28c6,200,,False,212.019,28.97,29,156.78,True,38,logs
68,idle_probe,mock,python-optimised,python,optimised,1024,prime,idle,off,False,,6,,,,1767271558.849,2026-01-01T12:45:58.848+00:00,f5740958-d133-409c-8502-e296f202afb0,200,,False,42.481,24.84,25,,False,38,logs
69,idle_probe,mock,python-optimised,python,optimised,1024,measure,idle,off,True,idle,6,,,5.0,1767271858.891,2026-01-01T12:50:58.891+00:00,7ff6695e-4e9a-4233-a24f-39cf011e0a62,200,,False,44.777,25.46,26,,False,38,logs
70,idle_probe,mock,python-optimised,python,optimised,1024,prime,idle,off,False,,7,,,,1767271858.936,2026-01-01T12:50:58.935+00:00,f11615ad-5d27-41f7-b0ae-9b612b2953a5,200,,False,52.716,26.31,27,,False,38,logs
71,idle_probe,mock,python-optimised,python,optimised,1024,measure,idle,off,True,idle,7,,,20.0,1767273058.989,2026-01-01T13:10:58.988+00:00,f13349cc-8835-4f88-8b2c-d944bbd24fdd,200,,False,259.63,32.03,33,199.05,True,38,logs
72,idle_probe,mock,python-optimised,python,optimised,1024,prime,idle,off,False,,7,,,,1767273059.248,2026-01-01T13:10:59.248+00:00,30e2dd96-5cd6-45f8-9872-7458feae237b,200,,False,51.702,28.46,29,,False,38,logs
73,idle_probe,mock,python-optimised,python,optimised,1024,measure,idle,off,True,idle,7,,,5.0,1767273359.3,2026-01-01T13:15:59.299+00:00,4add77cd-4e40-45bc-b868-5f30f5fce4f0,200,,False,56.12,23.8,24,,False,38,logs
74,idle_probe,mock,python-optimised,python,optimised,1024,prime,idle,off,False,,7,,,,1767273359.356,2026-01-01T13:15:59.356+00:00,bc68205d-84b2-48af-97bb-6882854d3bf4,200,,False,52.37,25.26,26,,False,38,logs
75,idle_probe,mock,python-optimised,python,optimised,1024,measure,idle,off,True,idle,7,,,45.0,1767276059.408,2026-01-01T14:00:59.408+00:00,4f4d8ea8-5055-484d-a84d-4beb8ce19b62,200,,False,191.65,26.8,27,139.52,True,38,logs
76,idle_probe,mock,python-optimised,python,optimised,1024,prime,idle,off,False,,7,,,,1767276059.6,2026-01-01T14:00:59.600+00:00,15936306-f8b7-4df1-b725-e63a2161e7aa,200,,False,54.89,23.67,24,,False,38,logs
77,idle_probe,mock,python-optimised,python,optimised,1024,measure,idle,off,True,idle,7,,,30.0,1767277859.655,2026-01-01T14:30:59.655+00:00,f617326e-ec6e-417e-b746-eeb82847a6e6,200,,False,270.764,28.17,29,219.07,True,38,logs
78,idle_probe,mock,python-optimised,python,optimised,1024,prime,idle,off,False,,7,,,,1767277859.926,2026-01-01T14:30:59.925+00:00,7bd4cfd1-4bdf-4fe3-a0d6-7954d9735a49,200,,False,53.056,30.23,31,,False,38,logs
79,idle_probe,mock,python-optimised,python,optimised,1024,measure,idle,off,True,idle,7,,,10.0,1767278459.979,2026-01-01T14:40:59.978+00:00,4b8b65b0-59ba-48ee-a68d-1d7e0514b5dd,200,,False,52.68,29.07,30,,False,38,logs
