run_id,backend,measurement_kind,qos,disconnect_s,rate_mode,replication,cell_id,config_id,n_devices,n_messages_per_device,seed,n_published,n_lost,n_delivered_unique,n_duplicate_ids,n_delivery_copies,loss_rate,duplicate_id_rate,extra_copy_rate,latency_mean_ms,latency_p95_ms,latency_p99_ms,reconnect_time_ms,backlog_queued,backlog_survived,rule_trigger_success_rate,usd_est,usd_raw,iot_messages_counted
mock-qos0_d0_steady_r1-s42,mock,mock broker + in-memory DynamoDB — not an AWS measurement,0,0,steady,1,qos0_d0_steady,qos0_d0_steady_r1,5,40,42,200,0,200,0,200,0.0,0.0,0.0,24.155,32.0,32.0,0.0,0,0,1.0,0.0011126667166666668,0.0005563333583333334,200.0
mock-qos0_d0_steady_r2-s1042,mock,mock broker + in-memory DynamoDB — not an AWS measurement,0,0,steady,2,qos0_d0_steady,qos0_d0_steady_r2,5,40,1042,200,0,200,0,200,0.0,0.0,0.0,24.805,32.0,32.0,0.0,0,0,1.0,0.0011126667166666668,0.0005563333583333334,200.0
mock-qos0_d0_bursty_r1-s49,mock,mock broker + in-memory DynamoDB — not an AWS measurement,0,0,bursty,1,qos0_d0_bursty,qos0_d0_bursty_r1,5,40,49,200,0,200,0,200,0.0,0.0,0.0,24.58,31.049999999999983,32.0,0.0,0,0,1.0,0.0011126667166666668,0.0005563333583333334,200.0
mock-qos0_d0_bursty_r2-s1049,mock,mock broker + in-memory DynamoDB — not an AWS measurement,0,0,bursty,2,qos0_d0_bursty,qos0_d0_bursty_r2,5,40,1049,200,0,200,0,200,0.0,0.0,0.0,24.775,32.0,32.0,0.0,0,0,1.0,0.0011126667166666668,0.0005563333583333334,200.0
mock-qos0_d15_steady_r1-s57,mock,mock broker + in-memory DynamoDB — not an AWS measurement,0,15,steady,1,qos0_d15_steady,qos0_d15_steady_r1,5,40,57,200,15,185,0,185,0.075,0.0,0.0,25.054054054054053,32.0,32.0,96.6,0,0,1.0,0.0010294167129166667,0.0005147083564583333,185.0
mock-qos0_d15_steady_r2-s1057,mock,mock broker + in-memory DynamoDB — not an AWS measurement,0,15,steady,2,qos0_d15_steady,qos0_d15_steady_r2,5,40,1057,200,15,185,0,185,0.075,0.0,0.0,24.28108108108108,31.0,32.0,106.2,0,0,1.0,0.0010294167129166667,0.0005147083564583333,185.0
mock-qos0_d15_bursty_r1-s64,mock,mock broker + in-memory DynamoDB — not an AWS measurement,0,15,bursty,1,qos0_d15_bursty,qos0_d15_bursty_r1,5,40,64,200,35,165,0,165,0.175,0.0,0.0,25.03030303030303,31.799999999999983,32.0,103.0,0,0,1.0,0.0009184167079166666,0.0004592083539583333,165.0
mock-qos0_d15_bursty_r2-s1064,mock,mock broker + in-memory DynamoDB — not an AWS measurement,0,15,bursty,2,qos0_d15_bursty,qos0_d15_bursty_r2,5,40,1064,200,35,165,0,165,0.175,0.0,0.0,25.036363636363635,32.0,32.0,98.8,0,0,1.0,0.0009184167079166666,0.0004592083539583333,165.0
mock-qos0_d60_steady_r1-s102,mock,mock broker + in-memory DynamoDB — not an AWS measurement,0,60,steady,1,qos0_d60_steady,qos0_d60_steady_r1,5,40,102,200,60,140,0,140,0.3,0.0,0.0,24.40714285714286,32.0,32.0,96.0,0,0,1.0,0.0007796667016666665,0.00038983335083333327,140.0
mock-qos0_d60_steady_r2-s1102,mock,mock broker + in-memory DynamoDB — not an AWS measurement,0,60,steady,2,qos0_d60_steady,qos0_d60_steady_r2,5,40,1102,200,60,140,0,140,0.3,0.0,0.0,24.228571428571428,32.0,32.0,99.2,0,0,1.0,0.0007796667016666665,0.00038983335083333327,140.0
mock-qos0_d60_bursty_r1-s109,mock,mock broker + in-memory DynamoDB — not an AWS measurement,0,60,bursty,1,qos0_d60_bursty,qos0_d60_bursty_r1,5,40,109,200,85,115,0,115,0.425,0.0,0.0,24.304347826086957,32.0,32.0,96.6,0,0,1.0,0.0006409166954166667,0.00032045834770833334,115.0
mock-qos0_d60_bursty_r2-s1109,mock,mock broker + in-memory DynamoDB — not an AWS measurement,0,60,bursty,2,qos0_d60_bursty,qos0_d60_bursty_r2,5,40,1109,200,85,115,0,115,0.425,0.0,0.0,24.965217391304346,32.0,32.0,104.8,0,0,1.0,0.0006409166954166667,0.00032045834770833334,115.0
mock-qos0_d300_steady_r1-s342,mock,mock broker + in-memory DynamoDB — not an AWS measurement,0,300,steady,1,qos0_d300_steady,qos0_d300_steady_r1,5,40,342,200,135,65,0,65,0.675,0.0,0.0,23.892307692307693,31.0,32.0,95.2,0,0,1.0,0.00036341668291666666,0.00018170834145833333,65.0
mock-qos0_d300_steady_r2-s1342,mock,mock broker + in-memory DynamoDB — not an AWS measurement,0,300,steady,2,qos0_d300_steady,qos0_d300_steady_r2,5,40,1342,200,135,65,0,65,0.675,0.0,0.0,24.861538461538462,31.799999999999997,32.0,104.4,0,0,1.0,0.00036341668291666666,0.00018170834145833333,65.0
mock-qos0_d300_bursty_r1-s349,mock,mock broker + in-memory DynamoDB — not an AWS measurement,0,300,bursty,1,qos0_d300_bursty,qos0_d300_bursty_r1,5,40,349,200,135,65,0,65,0.675,0.0,0.0,24.56923076923077,32.0,32.0,95.6,0,0,1.0,0.00036341668291666666,0.00018170834145833333,65.0
mock-qos0_d300_bursty_r2-s1349,mock,mock broker + in-memory DynamoDB — not an AWS measurement,0,300,bursty,2,qos0_d300_bursty,qos0_d300_bursty_r2,5,40,1349,200,135,65,0,65,0.675,0.0,0.0,24.4,31.0,32.0,94.8,0,0,1.0,0.00036341668291666666,0.00018170834145833333,65.0
mock-qos1_d0_steady_r1-s59,mock,mock broker + in-memory DynamoDB — not an AWS measurement,1,0,steady,1,qos1_d0_steady,qos1_d0_steady_r1,5,40,59,200,0,200,0,200,0.0,0.0,0.0,1275.725,32.0,933.3399999991802,0.0,0,0,1.0,0.0015126667166666667,0.0007563333583333334,400.0
mock-qos1_d0_steady_r2-s1059,mock,mock broker + in-memory DynamoDB — not an AWS measurement,1,0,steady,2,qos1_d0_steady,qos1_d0_steady_r2,5,40,1059,200,0,200,0,200,0.0,0.0,0.0,24.87,32.0,32.0,0.0,0,0,1.0,0.0015126667166666667,0.0007563333583333334,400.0
mock-qos1_d0_bursty_r1-s66,mock,mock broker + in-memory DynamoDB — not an AWS measurement,1,0,bursty,1,qos1_d0_bursty,qos1_d0_bursty_r1,5,40,66,200,0,200,0,200,0.0,0.0,0.0,288.37,32.0,38.19999999999436,0.0,0,0,1.0,0.0015126667166666667,0.0007563333583333334,400.0
mock-qos1_d0_bursty_r2-s1066,mock,mock broker + in-memory DynamoDB — not an AWS measurement,1,0,bursty,2,qos1_d0_bursty,qos1_d0_bursty_r2,5,40,1066,200,0,200,0,200,0.0,0.0,0.0,24.665,32.0,32.0,0.0,0,0,1.0,0.0015126667166666667,0.0007563333583333334,400.0
mock-qos1_d15_steady_r1-s74,mock,mock broker + in-memory DynamoDB — not an AWS measurement,1,15,steady,1,qos1_d15_steady,qos1_d15_steady_r1,5,40,74,200,0,200,2,202,0.0,0.01,0.01,786.995,5476.849999999916,15164.21,103.8,17,17,1.0,0.0014857667171666667,0.0007428833585833333,383.0
mock-qos1_d15_steady_r2-s1074,mock,mock broker + in-memory DynamoDB — not an AWS measurement,1,15,steady,2,qos1_d15_steady,qos1_d15_steady_r2,5,40,1074,200,0,200,2,202,0.0,0.01,0.01,786.865,5487.0499999999165,15154.21,99.6,17,17,1.0,0.0014857667171666667,0.0007428833585833333,383.0
mock-qos1_d15_bursty_r1-s81,mock,mock broker + in-memory DynamoDB — not an AWS measurement,1,15,bursty,1,qos1_d15_bursty,qos1_d15_bursty_r1,5,40,81,200,0,200,2,202,0.0,0.01,0.01,2555.025,14737.299999999997,15164.01,103.4,37,37,1.0,0.0014457667171666666,0.0007228833585833333,363.0
mock-qos1_d15_bursty_r2-s1081,mock,mock broker + in-memory DynamoDB — not an AWS measurement,1,15,bursty,2,qos1_d15_bursty,qos1_d15_bursty_r2,5,40,1081,200,0,200,4,204,0.0,0.02,0.02,3143.18,14903.4,15165.32,98.2,39,39,1.0,0.0014488667176666666,0.0007244333588333333,361.0
mock-qos1_d60_steady_r1-s119,mock,mock broker + in-memory DynamoDB — not an AWS measurement,1,60,steady,1,qos1_d60_steady,qos1_d60_steady_r1,5,40,119,200,0,200,4,204,0.0,0.02,0.02,9856.085,50471.69999999992,60164.01,95.8,64,64,1.0,0.0013988667176666667,0.0006994333588333333,336.0
mock-qos1_d60_steady_r2-s1119,mock,mock broker + in-memory DynamoDB — not an AWS measurement,1,60,steady,2,qos1_d60_steady,qos1_d60_steady_r2,5,40,1119,200,0,200,4,204,0.0,0.02,0.02,9856.85,50477.049999999916,60166.03,103.0,64,64,1.0,0.0013988667176666667,0.0006994333588333333,336.0
mock-qos1_d60_bursty_r1-s126,mock,mock broker + in-memory DynamoDB — not an AWS measurement,1,60,bursty,1,qos1_d60_bursty,qos1_d60_bursty_r1,5,40,126,200,0,200,1,201,0.0,0.005,0.005,14051.535,59924.35,60717.87999999954,106.6,87,87,1.0,0.0013442167169166667,0.0006721083584583334,314.0
mock-qos1_d60_bursty_r2-s1126,mock,mock broker + in-memory DynamoDB — not an AWS measurement,1,60,bursty,2,qos1_d60_bursty,qos1_d60_bursty_r2,5,40,1126,200,0,200,2,202,0.0,0.01,0.01,12935.855,59723.649999999994,60145.3,95.4,87,87,1.0,0.0013457667171666667,0.0006728833585833334,313.0
mock-qos1_d300_steady_r1-s359,mock,mock broker + in-memory DynamoDB — not an AWS measurement,1,300,steady,1,qos1_d300_steady,qos1_d300_steady_r1,5,40,359,200,0,200,3,203,0.0,0.015,0.015,158947.37,290484.6999999999,300151.22,94.2,138,138,1.0,0.0012473167174166667,0.0006236583587083334,262.0
mock-qos1_d300_steady_r2-s1359,mock,mock broker + in-memory DynamoDB — not an AWS measurement,1,300,steady,2,qos1_d300_steady,qos1_d300_steady_r2,5,40,1359,200,0,200,4,204,0.0,0.02,0.02,158955.75,290482.49999999994,300165.13,99.8,139,139,1.0,0.0012488667176666667,0.0006244333588333334,261.0
mock-qos1_d300_bursty_r1-s366,mock,mock broker + in-memory DynamoDB — not an AWS measurement,1,300,bursty,1,qos1_d300_bursty,qos1_d300_bursty_r1,5,40,366,200,0,200,1,201,0.0,0.005,0.005,165018.635,299736.5,300168.02,106.0,136,136,1.0,0.0012442167169166667,0.0006221083584583333,264.0
mock-qos1_d300_bursty_r2-s1366,mock,mock broker + in-memory DynamoDB — not an AWS measurement,1,300,bursty,2,qos1_d300_bursty,qos1_d300_bursty_r2,5,40,1366,200,0,200,2,202,0.0,0.01,0.01,165012.89,299728.1,300155.1,99.4,137,137,1.0,0.0012457667171666667,0.0006228833585833333,263.0
