seed,phase,window,start,label,injection_id,category,block,burst,cold_starts,invocations,throttles,score_d1_ocsvm,pred_d1_ocsvm,score_d1_iforest,pred_d1_iforest,score_d1_primary,pred_d1_primary,score_d2_transfer,pred_d2_transfer,score_d3_thresholds,pred_d3_thresholds
2027,C,0,1780532437.6953301,False,-1,,-1,False,0.0,11.0,0.0,-1.2879603415523926,False,0.3814287809743217,False,-1.2879603415523926,False,0.28260398880394816,False,0.13641643524169922,False
2027,C,1,1780532497.6953301,False,-1,,-1,False,0.0,13.0,0.0,-1.6261444432193635,False,0.38018273818360326,False,-1.6261444432193635,False,0.2831179908395116,False,0.15220260620117185,False
2027,C,2,1780532557.6953301,False,-1,,-1,False,0.0,12.0,0.0,-0.5794437093611604,False,0.5683038949276152,False,-0.5794437093611604,False,6.347992804201796e-05,False,1.0,False
2027,C,3,1780532617.6953301,False,-1,,-1,False,0.0,11.0,0.0,-1.694670908587069,False,0.3814573115650543,False,-1.694670908587069,False,0.28260398880394816,False,0.1487438678741455,False
2027,C,4,1780532677.6953301,False,-1,,-1,False,0.0,14.0,0.0,-1.5065941925361912,False,0.3839110807827437,False,-1.5065941925361912,False,0.28331948112322897,False,0.1638784646987915,False
2027,C,5,1780532737.6953301,False,-1,,-1,False,0.0,12.0,0.0,-0.980991990793906,False,0.3849620607771182,False,-0.980991990793906,False,0.28288267083732616,False,0.13949847221374512,False
2027,C,6,1780532797.6953301,False,-1,,-1,False,0.0,15.0,0.0,-0.9744556305226073,False,0.4110516927301564,False,-0.9744556305226073,False,0.28349405466720345,False,0.19653577804565425,False
2027,C,7,1780532857.6953301,False,-1,,-1,False,0.0,8.0,0.0,-1.5020768735837855,False,0.403682570757991,False,-1.5020768735837855,False,0.2813364848081088,False,0.16129300594329835,False
2027,C,8,1780532917.6953301,False,-1,,-1,False,0.0,9.0,0.0,-0.9798987015556015,False,0.4182623649928661,False,-0.9798987015556015,False,0.2818560700236856,False,0.15485754013061523,False
2027,C,9,1780532977.6953301,False,-1,,-1,False,0.0,11.0,0.0,-1.6984085244594782,False,0.3854081336038634,False,-1.6984085244594782,False,0.28260398880394816,False,0.1623857021331787,False
2027,C,10,1780533037.6953301,False,-1,,-1,False,0.0,10.0,0.0,-1.0851322592030472,False,0.393329474363441,False,-1.0851322592030472,False,0.28226841507490547,False,0.12275774478912353,False
2027,C,11,1780533097.6953301,False,-1,,-1,False,0.0,9.0,0.0,-1.6515790520994358,False,0.38886536541812045,False,-1.6515790520994358,False,0.2818560700236856,False,0.14395647048950197,False
2027,C,12,1780533157.6953301,False,-1,,-1,False,0.0,10.0,0.0,-0.9100277594215358,False,0.4032250090216363,False,-0.9100277594215358,False,0.28226841507490547,False,0.12505552768707276,False
2027,C,13,1780533217.6953301,False,-1,,-1,False,0.0,11.0,0.0,-1.4522256433595846,False,0.3939842056632078,False,-1.4522256433595846,False,0.28260398880394816,False,0.18356990814208984,False
2027,C,14,1780533277.6953301,False,-1,,-1,False,0.0,9.0,0.0,-1.527527728858269,False,0.3861095793734305,False,-1.527527728858269,False,0.2818560700236856,False,0.13366222381591797,False
2027,C,15,1780533337.6953301,False,-1,,-1,False,0.0,9.0,0.0,-1.1993340107350496,False,0.3879530979664454,False,-1.1993340107350496,False,0.2818560700236856,False,0.13349666595458984,False
2027,C,16,1780533397.6953301,False,-1,,-1,False,0.0,11.0,0.0,-0.4911767756980536,False,0.3961609347853806,False,-0.4911767756980536,False,0.28260398880394816,False,0.11965036392211914,False
2027,C,17,1780533457.6953301,False,-1,,-1,False,0.0,15.0,0.0,-1.518183908046221,False,0.39447709486944665,False,-1.518183908046221,False,0.28349405466720345,False,0.19388480186462398,False
2027,C,18,1780533517.6953301,False,-1,,-1,False,0.0,12.0,0.0,-1.2491943742753193,False,0.3800696929343379,False,-1.2491943742753193,False,0.28288267083732616,False,0.13675165176391604,False
2027,C,19,1780533577.6953301,False,-1,,-1,False,0.0,10.0,0.0,-0.9986767422080929,False,0.4164409981974537,False,-0.9986767422080929,False,0.28226841507490547,False,0.18797950744628905,False
2027,C,20,1780533637.6953301,False,-1,,-1,False,0.0,10.0,0.0,-0.8862568465230058,False,0.40304362913798153,False,-0.8862568465230058,False,0.28226841507490547,False,0.15096030235290528,False
2027,C,21,1780533697.6953301,False,-1,,-1,False,0.0,9.0,0.0,-0.4856937414894773,False,0.42667861879496055,False,-0.4856937414894773,False,0.2818560700236856,False,0.10561971664428711,False
2027,C,22,1780533757.6953301,False,-1,,-1,False,0.0,11.0,0.0,-1.0006584929057647,False,0.41221554546313205,False,-1.0006584929057647,False,0.28260398880394816,False,0.18795847892761233,False
2027,C,23,1780533817.6953301,False,-1,,-1,False,0.0,3.0,0.0,-0.8516268140970569,False,0.5349478459955942,False,-0.8516268140970569,False,0.27264782655079933,False,0.10522828102111817,False
2027,C,24,1780533877.6953301,False,-1,,-1,False,0.0,11.0,0.0,-1.008264113718587,False,0.41446756474124696,False,-1.008264113718587,False,0.28260398880394816,False,0.18986773490905764,False
2027,C,25,1780533937.6953301,False,-1,,-1,True,2.0,181.0,0.0,2.7570907994812845,True,0.7372818815702921,True,2.7570907994812845,True,1.4152870087341785e-05,False,0.16994571685791016,False
2027,C,26,1780533997.6953301,False,-1,,-1,True,0.0,390.0,0.0,2.343879274707415,True,0.7374702949137872,True,2.343879274707415,True,0.0023731027766488275,False,1.0,False
2027,C,27,1780534057.6953301,False,-1,,-1,True,0.0,383.0,0.0,2.2701468910887432,True,0.7309755438410179,True,2.2701468910887432,True,0.0023434433424814054,False,1.0,False
2027,C,28,1780534117.6953301,False,-1,,-1,True,0.0,200.0,0.0,1.6172808975776012,True,0.727037538988272,True,1.6172808975776012,True,0.0014422461862914442,False,1.0,False
2027,C,29,1780534177.6953301,False,-1,,-1,False,0.0,5.0,0.0,-0.7267305807404316,False,0.481310784457228,False,-0.7267305807404316,False,0.27842295783718024,False,0.09956359863281251,False
2027,C,30,1780534237.6953301,False,-1,,-1,False,0.0,7.0,0.0,-1.1622460055226842,False,0.4235122823728747,False,-1.1622460055226842,False,0.2806604384517065,False,0.1122969627380371,False
2027,C,31,1780534297.6953301,False,-1,,-1,False,0.0,13.0,0.0,-1.740131576211124,False,0.37931042192475584,False,-1.740131576211124,False,0.2831179908395116,False,0.15963821411132811,False
2027,C,32,1780534357.6953301,False,-1,,-1,False,0.0,10.0,0.0,0.04626798826294909,False,0.44559547257179805,False,0.04626798826294909,False,0.28226841507490547,False,0.11028866767883301,False
2027,C,33,1780534417.6953301,False,-1,,-1,False,0.0,4.0,0.0,-0.9945528225812383,False,0.47964294325288814,False,-0.9945528225812383,False,0.2763559382375982,False,0.16470954418182374,False
2027,C,34,1780534477.6953301,False,-1,,-1,False,0.0,7.0,0.0,-1.013768916486832,False,0.41794400919185537,False,-1.013768916486832,False,0.2806604384517065,False,0.11544599533081054,False
2027,C,35,1780534537.6953301,False,-1,,-1,False,0.0,14.0,0.0,-1.7327437180472058,False,0.38056101429689226,False,-1.7327437180472058,False,0.28331948112322897,False,0.1614539861679077,False
2027,C,36,1780534597.6953301,False,-1,,-1,False,0.0,10.0,0.0,-1.063166676540651,False,0.3973905479415439,False,-1.063166676540651,False,0.28226841507490547,False,0.1528778553009033,False
2027,C,37,1780534657.6953301,False,-1,,-1,False,0.0,7.0,0.0,-1.449533732842462,False,0.40376269575264445,False,-1.449533732842462,False,0.2806604384517065,False,0.13638181686401368,False
2027,C,38,1780534717.6953301,False,-1,,-1,False,0.0,5.0,0.0,-1.528814319929917,False,0.4292907348079397,False,-1.528814319929917,False,0.27842295783718024,False,0.1318939208984375,False
2027,C,39,1780534777.6953301,False,-1,,-1,False,0.0,12.0,0.0,-1.5816439632711417,False,0.3859567375738335,False,-1.5816439632711417,False,0.28288267083732616,False,0.142211389541626,False
2027,C,40,1780534837.6953301,False,-1,,-1,False,0.0,7.0,0.0,-1.0734217688123886,False,0.43721226861995505,False,-1.0734217688123886,False,0.2806604384517065,False,0.15888214111328122,False
2027,C,41,1780534897.6953301,False,-1,,-1,False,0.0,5.0,0.0,-1.2880292537330673,False,0.46426952632015495,False,-1.2880292537330673,False,0.27842295783718024,False,0.11559762954711914,False
2027,C,42,1780534957.6953301,False,-1,,-1,False,0.0,9.0,0.0,-1.3447652719556302,False,0.38825217149162744,False,-1.3447652719556302,False,0.2818560700236856,False,0.141860294342041,False
2027,C,43,1780535017.6953301,False,-1,,-1,False,0.0,8.0,0.0,-1.21518313472252,False,0.3976694434801944,False,-1.21518313472252,False,0.2813364848081088,False,0.13659288883209228,False
2027,C,44,1780535077.6953301,False,-1,,-1,False,0.0,9.0,0.0,-1.393067212443853,False,0.38716038551209614,False,-1.393067212443853,False,0.2818560700236856,False,0.14549198150634765,False
2027,C,45,1780535137.6953301,False,-1,,-1,False,0.0,7.0,0.0,-0.6025408272518833,False,0.4408020269230269,False,-0.6025408272518833,False,0.2806604384517065,False,0.20709733963012691,False
2027,C,46,1780535197.6953301,False,-1,,-1,True,1.0,98.0,0.0,0.9892447483261,False,0.703894527560149,True,0.9892447483261,False,0.000478210752821548,False,0.1708151102066041,False
2027,C,47,1780535257.6953301,False,-1,,-1,True,0.0,307.0,0.0,1.8401499012164817,True,0.7363735280190643,True,1.8401499012164817,True,0.0020016988174081907,False,1.0,False
2027,C,48,1780535317.6953301,False,-1,,-1,True,0.0,376.0,0.0,1.1962326641004077,False,0.6896467999444842,True,1.1962326641004077,False,0.28590639920970784,False,0.16664445400238037,False
2027,C,49,1780535377.6953301,False,-1,,-1,True,0.0,279.0,0.0,2.371913574901757,True,0.7577359046480907,True,2.371913574901757,True,0.03061294703370168,False,2.0,True
2027,C,50,1780535437.6953301,False,-1,,-1,False,0.0,13.0,0.0,-1.7121384746936377,False,0.3872678682323148,False,-1.7121384746936377,False,0.2831179908395116,False,0.1515514373779297,False
2027,C,51,1780535497.6953301,False,-1,,-1,False,0.0,13.0,0.0,-0.5358816383698857,False,0.4333507969015632,False,-0.5358816383698857,False,0.2831179908395116,False,0.13807897567749022,False
2027,C,52,1780535557.6953301,False,-1,,-1,False,0.0,11.0,0.0,-1.092565549647845,False,0.41380851194832696,False,-1.092565549647845,False,0.28260398880394816,False,0.20048046112060547,False
2027,C,53,1780535617.6953301,False,-1,,-1,False,0.0,4.0,0.0,1.297209612807337,True,0.5487586883790941,False,1.297209612807337,True,0.2763559382375982,False,0.1761143684387207,False
2027,C,54,1780535677.6953301,False,-1,,-1,False,0.0,8.0,0.0,-1.4382312538878415,False,0.4190041873317768,False,-1.4382312538878415,False,0.2813364848081088,False,0.12367110252380371,False
2027,C,55,1780535737.6953301,False,-1,,-1,False,0.0,11.0,0.0,-0.863258759283382,False,0.4207992136736409,False,-0.863258759283382,False,0.28260398880394816,False,0.20309424400329593,False
2027,C,56,1780535797.6953301,False,-1,,-1,False,0.0,4.0,0.0,-0.9313177643749118,False,0.484589758283216,False,-0.9313177643749118,False,0.2763559382375982,False,0.13582355976104737,False
2027,C,57,1780535857.6953301,False,-1,,-1,False,0.0,7.0,0.0,0.8031867134271202,False,0.48464974329007676,False,0.8031867134271202,False,0.2806604384517065,False,0.21477422714233396,False
2027,C,58,1780535917.6953301,False,-1,,-1,False,0.0,10.0,0.0,-1.55601287546407,False,0.395453120603054,False,-1.55601287546407,False,0.28226841507490547,False,0.17105729579925538,False
2027,C,59,1780535977.6953301,False,-1,,-1,False,0.0,8.0,0.0,-0.6614654164238241,False,0.438671468928515,False,-0.6614654164238241,False,0.2813364848081088,False,0.2046813726425171,False
2027,C,60,1780536037.6953301,False,-1,,-1,False,0.0,8.0,0.0,-1.1968672130040074,False,0.41304066556359065,False,-1.1968672130040074,False,0.2813364848081088,False,0.16914112567901612,False
2027,C,61,1780536097.6953301,False,-1,,-1,False,0.0,7.0,0.0,-1.511120260823036,False,0.42101157694423985,False,-1.511120260823036,False,0.2806604384517065,False,0.1445486068725586,False
2027,C,62,1780536157.6953301,False,-1,,-1,False,0.0,5.0,0.0,-0.9458340505586413,False,0.45248412060498566,False,-0.9458340505586413,False,0.27842295783718024,False,0.17208051681518555,False
2027,C,63,1780536217.6953301,False,-1,,-1,False,0.0,14.0,0.0,-0.8513524992057597,False,0.39717294341122733,False,-0.8513524992057597,False,0.28331948112322897,False,0.14910638332366943,False
2027,C,64,1780536277.6953301,False,-1,,-1,False,0.0,8.0,0.0,-1.080537962492727,False,0.3994246295949673,False,-1.080537962492727,False,0.2813364848081088,False,0.13526363372802733,False
2027,C,65,1780536337.6953301,False,-1,,-1,False,0.0,13.0,0.0,-0.9682809738667952,False,0.3878384207759028,False,-0.9682809738667952,False,0.2831179908395116,False,0.12330703735351563,False
2027,C,66,1780536397.6953301,False,-1,,-1,False,0.0,15.0,0.0,-1.283822122293543,False,0.38677627487557603,False,-1.283822122293543,False,0.28349405466720345,False,0.16879773139953613,False
2027,C,67,1780536457.6953301,False,-1,,-1,False,0.0,9.0,0.0,-1.1045439422258214,False,0.40781528165741365,False,-1.1045439422258214,False,0.2818560700236856,False,0.16790122985839845,False
2027,C,68,1780536517.6953301,False,-1,,-1,False,0.0,11.0,0.0,-1.5618853149749539,False,0.39364383092332333,False,-1.5618853149749539,False,0.28260398880394816,False,0.13803887367248535,False
2027,C,69,1780536577.6953301,False,-1,,-1,False,0.0,6.0,0.0,-1.110367299185512,False,0.4500943477617295,False,-1.110367299185512,False,0.2797428676547323,False,0.12047088146209715,False
2027,C,70,1780536637.6953301,False,-1,,-1,False,0.0,9.0,0.0,-0.7759457476699225,False,0.4002145322500483,False,-0.7759457476699225,False,0.2818560700236856,False,0.12134056091308594,False
2027,C,71,1780536697.6953301,False,-1,,-1,True,3.0,118.0,0.0,4.458764408162281,True,0.7510538404280742,True,4.458764408162281,True,4.582292778476402e-08,False,1.0,False
2027,C,72,1780536757.6953301,False,-1,,-1,True,0.0,335.0,0.0,2.1299296150491007,True,0.7410423302981873,True,2.1299296150491007,True,0.0021320800921935555,False,1.0,False
2027,C,73,1780536817.6953301,False,-1,,-1,True,0.0,318.0,0.0,0.6453979682109496,False,0.6923374136450858,True,0.6453979682109496,False,0.2858914384481051,False,0.18805122375488278,False
2027,C,74,1780536877.6953301,False,-1,,-1,True,0.0,193.0,0.0,-0.22264566463875823,False,0.6586706675533842,False,-0.22264566463875823,False,0.2858182052173299,False,0.17626237869262693,False
2027,C,75,1780536937.6953301,False,-1,,-1,False,0.0,15.0,0.0,0.12742447496685827,False,0.405791025697147,False,0.12742447496685827,False,0.28349405466720345,False,0.11510777473449707,False
2027,C,76,1780536997.6953301,False,-1,,-1,False,0.0,9.0,0.0,-1.3671511726888683,False,0.38518495597579305,False,-1.3671511726888683,False,0.2818560700236856,False,0.1326207160949707,False
2027,C,77,1780537057.6953301,False,-1,,-1,False,0.0,5.0,0.0,-1.090641222481195,False,0.4385817482705389,False,-1.090641222481195,False,0.27842295783718024,False,0.12018823623657227,False
2027,C,78,1780537117.6953301,False,-1,,-1,False,0.0,3.0,0.0,4.467880117864851,True,0.5844894697529123,False,4.467880117864851,True,0.27264782655079933,False,0.13070321083068848,False
2027,C,79,1780537177.6953301,False,-1,,-1,False,0.0,6.0,0.0,-1.5314241046562573,False,0.4078288424494591,False,-1.5314241046562573,False,0.2797428676547323,False,0.14249455928802487,False
2027,C,80,1780537237.6953301,False,-1,,-1,False,0.0,4.0,0.0,-0.6388639883711322,False,0.4946577259763533,False,-0.6388639883711322,False,0.2763559382375982,False,0.17565252780914306,False
2027,C,81,1780537297.6953301,False,-1,,-1,False,0.0,9.0,0.0,-1.699923154563244,False,0.3836449361468161,False,-1.699923154563244,False,0.2818560700236856,False,0.14938802719116212,False
2027,C,82,1780537357.6953301,False,-1,,-1,False,0.0,6.0,0.0,-0.24189447253310536,False,0.45701577747621847,False,-0.24189447253310536,False,0.2797428676547323,False,0.1060023307800293,False
2027,C,83,1780537417.6953301,False,-1,,-1,False,0.0,6.0,0.0,-0.9819363434272592,False,0.4357220989287952,False,-0.9819363434272592,False,0.2797428676547323,False,0.15756821632385254,False
2027,C,84,1780537477.6953301,False,-1,,-1,False,0.0,9.0,0.0,0.14044813151734736,False,0.458753201785573,False,0.14044813151734736,False,0.2818560700236856,False,0.19762983322143554,False
2027,C,85,1780537537.6953301,False,-1,,-1,False,0.0,6.0,0.0,-1.1876657692326544,False,0.4387366135974299,False,-1.1876657692326544,False,0.2797428676547323,False,0.1331117153167725,False
2027,C,86,1780537597.6953301,False,-1,,-1,False,0.0,9.0,0.0,-1.5776328266192268,False,0.38530789441657187,False,-1.5776328266192268,False,0.2818560700236856,False,0.13370466232299805,False
2027,C,87,1780537657.6953301,False,-1,,-1,False,0.0,11.0,0.0,-0.39668938639011486,False,0.41772914609166073,False,-0.39668938639011486,False,0.28260398880394816,False,0.13979411125183103,False
2027,C,88,1780537717.6953301,False,-1,,-1,False,0.0,10.0,0.0,-1.1907700350957038,False,0.393090683029129,False,-1.1907700350957038,False,0.28226841507490547,False,0.14910736083984374,False
2027,C,89,1780537777.6953301,False,-1,,-1,False,0.0,10.0,0.0,-0.7364516433949015,False,0.39702235723283397,False,-0.7364516433949015,False,0.28226841507490547,False,0.11881659030914309,False
2027,C,90,1780537837.6953301,False,-1,,-1,False,0.0,5.0,0.0,-1.050914164022691,False,0.45241166612519934,False,-1.050914164022691,False,0.27842295783718024,False,0.14268770217895507,False
2027,C,91,1780537897.6953301,False,-1,,-1,False,0.0,11.0,0.0,-0.9505876211562736,False,0.4190848687858709,False,-0.9505876211562736,False,0.28260398880394816,False,0.1622917652130127,False
2027,C,92,1780537957.6953301,False,-1,,-1,False,0.0,7.0,0.0,-1.4774642226992807,False,0.40272276823032344,False,-1.4774642226992807,False,0.2806604384517065,False,0.13391528129577634,False
2027,C,93,1780538017.6953301,False,-1,,-1,False,0.0,4.0,0.0,-0.9319094242030808,False,0.4884378590197775,False,-0.9319094242030808,False,0.2763559382375982,False,0.1391406774520874,False
2027,C,94,1780538077.6953301,False,-1,,-1,False,0.0,7.0,0.0,-0.5070712193770275,False,0.44810252941892526,False,-0.5070712193770275,False,0.2806604384517065,False,0.1716243743896484,False
2027,C,95,1780538137.6953301,False,-1,,-1,False,0.0,3.0,0.0,0.3554550035022057,False,0.5773551801707887,False,0.3554550035022057,False,0.27264782655079933,False,0.12218666076660158,False
2027,C,96,1780538197.6953301,False,-1,,-1,False,0.0,7.0,0.0,-0.9962236215237157,False,0.42516850407265294,False,-0.9962236215237157,False,0.2806604384517065,False,0.15757389068603514,False
2027,C,97,1780538257.6953301,False,-1,,-1,False,0.0,10.0,0.0,-0.77832597607628,False,0.3907387931281942,False,-0.77832597607628,False,0.28226841507490547,False,0.13436753749847413,False
2027,C,98,1780538317.6953301,False,-1,,-1,False,0.0,7.0,0.0,-1.1692691942413225,False,0.4076550792311732,False,-1.1692691942413225,False,0.2806604384517065,False,0.1388218879699707,False
2027,C,99,1780538377.6953301,False,-1,,-1,False,0.0,7.0,0.0,-0.9708565534368203,False,0.4323251584356111,False,-0.9708565534368203,False,0.2806604384517065,False,0.13676633834838867,False
2027,C,100,1780538437.6953301,False,-1,,-1,False,0.0,5.0,0.0,-0.5238693133959105,False,0.46231393365009676,False,-0.5238693133959105,False,0.27842295783718024,False,0.1961228370666504,False
2027,C,101,1780538497.6953301,False,-1,,-1,False,0.0,8.0,0.0,-0.04638062256990949,False,0.43563697260382483,False,-0.04638062256990949,False,0.2813364848081088,False,0.10446903705596924,False
2027,C,102,1780538557.6953301,False,-1,,-1,False,0.0,5.0,0.0,-0.4876275897856397,False,0.4854795053341384,False,-0.4876275897856397,False,0.27842295783718024,False,0.09691104888916016,False
2027,C,103,1780538617.6953301,False,-1,,-1,False,0.0,7.0,0.0,-1.5135305736402538,False,0.40053140300982726,False,-1.5135305736402538,False,0.2806604384517065,False,0.13795771598815917,False
2027,C,104,1780538677.6953301,False,-1,,-1,False,0.0,6.0,0.0,-1.3189197799428207,False,0.41223436746150066,False,-1.3189197799428207,False,0.2797428676547323,False,0.13282406330108643,False
2027,C,105,1780538737.6953301,False,-1,,-1,False,0.0,5.0,0.0,-1.175817292932087,False,0.4457156441353456,False,-1.175817292932087,False,0.27842295783718024,False,0.1117015838623047,False
2027,C,106,1780538797.6953301,False,-1,,-1,False,0.0,6.0,0.0,-1.0115110461605399,False,0.42337687317304556,False,-1.0115110461605399,False,0.2797428676547323,False,0.11418747901916503,False
2027,C,107,1780538857.6953301,False,-1,,-1,False,0.0,12.0,0.0,-1.529589195438895,False,0.39249272544471764,False,-1.529589195438895,False,0.28288267083732616,False,0.1360116720199585,False
2027,C,108,1780538917.6953301,False,-1,,-1,True,1.0,106.0,0.0,0.2133208565709861,False,0.7048127212610111,True,0.2133208565709861,False,0.0005223283691587163,False,0.16420412063598633,False
2027,C,109,1780538977.6953301,False,-1,,-1,True,0.0,269.0,0.0,0.6877307864430797,False,0.698731148875103,True,0.6877307864430797,False,0.2858720940324058,False,0.1646965980529785,False
2027,C,110,1780539037.6953301,False,-1,,-1,True,0.0,258.0,0.0,0.37642805285873226,False,0.6847837985124959,False,0.37642805285873226,False,0.28586651250749395,False,0.18523321151733402,False
2027,C,111,1780539097.6953301,False,-1,,-1,True,0.0,173.0,0.0,1.3448761985349988,True,0.7200979142851793,True,1.3448761985349988,True,0.0012816209566082382,False,1.0,False
2027,C,112,1780539157.6953301,False,-1,,-1,False,0.0,4.0,0.0,-1.2830351390879624,False,0.47378340309234207,False,-1.2830351390879624,False,0.2763559382375982,False,0.12567121982574464,False
2027,C,113,1780539217.6953301,False,-1,,-1,False,0.0,3.0,0.0,-0.7281103427117301,False,0.5604698541427852,False,-0.7281103427117301,False,0.27264782655079933,False,0.108729887008667,False
2027,C,114,1780539277.6953301,False,-1,,-1,False,0.0,10.0,0.0,-1.773979176097641,False,0.3838952719331079,False,-1.773979176097641,False,0.28226841507490547,False,0.15708718299865723,False
2027,C,115,1780539337.6953301,False,-1,,-1,False,0.0,11.0,0.0,-1.086320609154793,False,0.38910844812592277,False,-1.086320609154793,False,0.28260398880394816,False,0.1447110176086426,False
2027,C,116,1780539397.6953301,False,-1,,-1,False,0.0,12.0,0.0,-0.849837354027069,False,0.39494790306953514,False,-0.849837354027069,False,0.28288267083732616,False,0.15372388362884523,False
2027,C,117,1780539457.6953301,False,-1,,-1,False,0.0,2.0,0.0,0.04020947383871398,False,0.6322017808013256,False,0.04020947383871398,False,0.2640831332514045,False,0.08652546405792236,False
2027,C,118,1780539517.6953301,False,-1,,-1,False,0.0,6.0,0.0,1.3191058304390637,True,0.6077772307904125,False,1.3191058304390637,True,2.0985472419977158e-05,False,1.0,False
2027,C,119,1780539577.6953301,False,-1,,-1,False,0.0,8.0,0.0,-1.1464626665871638,False,0.41457387074290314,False,-1.1464626665871638,False,0.2813364848081088,False,0.1728123426437378,False
2027,C,120,1780539637.6953301,False,-1,,-1,True,0.0,50.0,0.0,-0.5837311550231776,False,0.47960539439926125,False,-0.5837311550231776,False,0.2852339686019072,False,0.1596370458602905,False
2027,C,121,1780539697.6953301,False,-1,,-1,True,0.0,247.0,0.0,0.020278711488753487,False,0.6763002396397685,False,0.020278711488753487,False,0.28586034461645854,False,0.17692980766296384,False
2027,C,122,1780539757.6953301,False,-1,,-1,True,0.0,289.0,0.0,1.8032810836595115,True,0.7397081046010792,True,1.8032810836595115,True,0.001914793839803523,False,1.0,False
2027,C,123,1780539817.6953301,False,-1,,-1,True,0.0,204.0,0.0,1.5459807570355935,True,0.7290955549297081,True,1.5459807570355935,True,0.0014652633115342837,False,1.0,False
2027,C,124,1780539877.6953301,False,-1,,-1,False,0.0,7.0,0.0,-0.878963346449444,False,0.4368866423575169,False,-0.878963346449444,False,0.2806604384517065,False,0.1642007350921631,False
2027,C,125,1780539937.6953301,False,-1,,-1,False,0.0,5.0,0.0,-0.10448952372587073,False,0.5074156304265587,False,-0.10448952372587073,False,0.27842295783718024,False,0.1615452766418457,False
2027,C,126,1780539997.6953301,False,-1,,-1,False,0.0,11.0,0.0,-1.308695042972241,False,0.39971255191368865,False,-1.308695042972241,False,0.28260398880394816,False,0.1244192123413086,False
2027,C,127,1780540057.6953301,False,-1,,-1,False,0.0,5.0,0.0,-1.349647585809536,False,0.4369938954488187,False,-1.349647585809536,False,0.27842295783718024,False,0.15123376846313477,False
2027,C,128,1780540117.6953301,False,-1,,-1,False,0.0,9.0,0.0,-0.5222812048638747,False,0.4223001950731231,False,-0.5222812048638747,False,0.2818560700236856,False,0.10571517944335936,False
2027,C,129,1780540177.6953301,False,-1,,-1,False,0.0,6.0,0.0,-0.5685521180673545,False,0.43348578166860435,False,-0.5685521180673545,False,0.2797428676547323,False,0.13580703735351562,False
2027,C,130,1780540237.6953301,False,-1,,-1,False,0.0,1.0,0.0,0.5685970529819864,False,0.6658577232757146,False,0.5685970529819864,False,0.22627252724241165,False,0.12967586517333984,False
2027,C,131,1780540297.6953301,False,-1,,-1,False,0.0,7.0,0.0,-0.41409698365594494,False,0.43652032403856766,False,-0.41409698365594494,False,0.2806604384517065,False,0.11576251983642578,False
2027,C,132,1780540357.6953301,False,-1,,-1,False,0.0,6.0,0.0,-1.174720848088068,False,0.41819467648292236,False,-1.174720848088068,False,0.2797428676547323,False,0.11724293231964111,False
2027,C,133,1780540417.6953301,False,-1,,-1,False,0.0,9.0,0.0,-0.9579037565373643,False,0.39413572690950993,False,-0.9579037565373643,False,0.2818560700236856,False,0.1298506736755371,False
2027,C,134,1780540477.6953301,False,-1,,-1,False,0.0,8.0,0.0,-1.3469986160576024,False,0.4249577921136758,False,-1.3469986160576024,False,0.2813364848081088,False,0.1299290895462036,False
2027,C,135,1780540537.6953301,False,-1,,-1,False,0.0,5.0,0.0,-0.6723588576493915,False,0.44881007195885275,False,-0.6723588576493915,False,0.27842295783718024,False,0.10651540756225586,False
2027,C,136,1780540597.6953301,False,-1,,-1,False,0.0,0.0,0.0,4.468984006654058,True,0.7217699540859296,True,4.468984006654058,True,6.792292060614408e-06,False,0.0,False
2027,C,137,1780540657.6953301,False,-1,,-1,False,0.0,7.0,0.0,-0.48728159512779534,False,0.4296575842571462,False,-0.48728159512779534,False,0.2806604384517065,False,0.11307263374328613,False
2027,C,138,1780540717.6953301,False,-1,,-1,False,0.0,6.0,0.0,-0.778395208655569,False,0.43623762457798837,False,-0.778395208655569,False,0.2797428676547323,False,0.15141713619232175,False
2027,C,139,1780540777.6953301,False,-1,,-1,False,0.0,4.0,0.0,-1.3520227859215463,False,0.46966577898245065,False,-1.3520227859215463,False,0.2763559382375982,False,0.13133907318115237,False
2027,C,140,1780540837.6953301,False,-1,,-1,False,0.0,7.0,0.0,-0.8121353840143799,False,0.4155092251051993,False,-0.8121353840143799,False,0.2806604384517065,False,0.13779616355895996,False
2027,C,141,1780540897.6953301,False,-1,,-1,False,0.0,9.0,0.0,-1.4503507862933755,False,0.38593639391701134,False,-1.4503507862933755,False,0.2818560700236856,False,0.14243545532226565,False
2027,C,142,1780540957.6953301,False,-1,,-1,False,0.0,5.0,0.0,-1.1759507213848641,False,0.4381363224934869,False,-1.1759507213848641,False,0.27842295783718024,False,0.12507762908935546,False
2027,C,143,1780541017.6953301,False,-1,,-1,False,0.0,6.0,0.0,-0.5338919708774537,False,0.44921866301550606,False,-0.5338919708774537,False,0.2797428676547323,False,0.14149808883666992,False
2027,C,144,1780541077.6953301,False,-1,,-1,False,0.0,3.0,0.0,1.055385126528515,False,0.574941884970876,False,1.055385126528515,False,0.27264782655079933,False,0.2112423896789551,False
2027,C,145,1780541137.6953301,False,-1,,-1,False,0.0,4.0,0.0,-1.3481652654125522,False,0.47154792613980795,False,-1.3481652654125522,False,0.2763559382375982,False,0.13890769481658935,False
2027,C,146,1780541197.6953301,False,-1,,-1,False,0.0,7.0,0.0,-0.7803108125636609,False,0.43077150492428007,False,-0.7803108125636609,False,0.2806604384517065,False,0.14822254180908204,False
2027,C,147,1780541257.6953301,False,-1,,-1,False,0.0,8.0,0.0,-1.6432811497478612,False,0.40379020490100015,False,-1.6432811497478612,False,0.2813364848081088,False,0.1594515323638916,False
2027,C,148,1780541317.6953301,False,-1,,-1,False,0.0,7.0,0.0,-1.2328125519417688,False,0.43439975147849025,False,-1.2328125519417688,False,0.2806604384517065,False,0.13736100196838377,False
2027,C,149,1780541377.6953301,False,-1,,-1,False,0.0,4.0,0.0,-0.661734173160653,False,0.5020177818571612,False,-0.661734173160653,False,0.2763559382375982,False,0.14732141494750978,False
2027,C,150,1780541437.6953301,False,-1,,-1,False,0.0,5.0,0.0,-1.3843426217067458,False,0.43048420846640917,False,-1.3843426217067458,False,0.27842295783718024,False,0.14412078857421876,False
2027,C,151,1780541497.6953301,False,-1,,-1,False,0.0,3.0,0.0,-0.795554510006677,False,0.5388166494901514,False,-0.795554510006677,False,0.27264782655079933,False,0.11343326568603518,False
2027,C,152,1780541557.6953301,False,-1,,-1,False,0.0,3.0,0.0,-0.7592819572474099,False,0.5546483363735543,False,-0.7592819572474099,False,0.27264782655079933,False,0.11929860115051269,False
2027,C,153,1780541617.6953301,False,-1,,-1,False,0.0,6.0,0.0,-1.1711946614692001,False,0.4237146612944156,False,-1.1711946614692001,False,0.2797428676547323,False,0.1556257009506226,False
2027,C,154,1780541677.6953301,False,-1,,-1,False,0.0,4.0,0.0,-0.747615333799386,False,0.4834946743924644,False,-0.747615333799386,False,0.2763559382375982,False,0.11144094467163086,False
2027,C,155,1780541737.6953301,False,-1,,-1,False,0.0,7.0,0.0,-1.2622234891865194,False,0.4071900850116946,False,-1.2622234891865194,False,0.2806604384517065,False,0.1517608165740967,False
2027,C,156,1780541797.6953301,False,-1,,-1,False,0.0,14.0,0.0,-1.1198353092434896,False,0.4008934472087634,False,-1.1198353092434896,False,0.28331948112322897,False,0.17964510917663573,False
2027,C,157,1780541857.6953301,False,-1,,-1,False,0.0,5.0,0.0,0.807996181556951,False,0.49158598633390377,False,0.807996181556951,False,0.27842295783718024,False,0.14056501388549805,False
2027,C,158,1780541917.6953301,False,-1,,-1,False,0.0,8.0,0.0,-1.3138631078979754,False,0.3972895823202819,False,-1.3138631078979754,False,0.2813364848081088,False,0.1307515859603882,False
2027,C,159,1780541977.6953301,False,-1,,-1,False,0.0,8.0,0.0,-1.3029487927450498,False,0.4055950915281878,False,-1.3029487927450498,False,0.2813364848081088,False,0.15336210727691652,False
2027,C,160,1780542037.6953301,False,-1,,-1,False,0.0,7.0,0.0,-1.4889470728975063,False,0.4132690579230635,False,-1.4889470728975063,False,0.2806604384517065,False,0.13742399215698242,False
2027,C,161,1780542097.6953301,False,-1,,-1,False,0.0,8.0,0.0,-0.2702979297459649,False,0.4560013102449682,False,-0.2702979297459649,False,0.2813364848081088,False,0.14456167221069335,False
2027,C,162,1780542157.6953301,False,-1,,-1,False,0.0,2.0,0.0,4.138523924079099,True,0.6621236889657822,False,4.138523924079099,True,0.2640831332514045,False,0.05648026466369629,False
2027,C,163,1780542217.6953301,False,-1,,-1,False,0.0,5.0,0.0,-1.231800090394377,False,0.43734273037476906,False,-1.231800090394377,False,0.27842295783718024,False,0.13697509765625,False
2027,C,164,1780542277.6953301,False,-1,,-1,False,0.0,9.0,0.0,-1.5780169949182143,False,0.38852867291834875,False,-1.5780169949182143,False,0.2818560700236856,False,0.14320764541625977,False
2027,C,165,1780542337.6953301,False,-1,,-1,False,0.0,5.0,0.0,-0.8772096926750761,False,0.4425897351308598,False,-0.8772096926750761,False,0.27842295783718024,False,0.12525091171264646,False
2027,C,166,1780542397.6953301,False,-1,,-1,False,0.0,8.0,0.0,-1.5156649610952657,False,0.3955076906612872,False,-1.5156649610952657,False,0.2813364848081088,False,0.14150383472442626,False
2027,C,167,1780542457.6953301,False,-1,,-1,False,0.0,11.0,0.0,-1.6469799465647927,False,0.38227609726261197,False,-1.6469799465647927,False,0.28260398880394816,False,0.1474573612213135,False
2027,C,168,1780542517.6953301,False,-1,,-1,False,0.0,3.0,0.0,1.6490820341406232,True,0.5787979253754293,False,1.6490820341406232,True,0.27264782655079933,False,0.14040250778198243,False
2027,C,169,1780542577.6953301,False,-1,,-1,True,1.0,161.0,0.0,0.11832131284123637,False,0.7194269766114986,True,0.11832131284123637,False,0.0008061493300808644,False,0.17051839828491222,False
2027,C,170,1780542637.6953301,False,-1,,-1,True,0.0,243.0,0.0,0.1793829341238773,False,0.674279615652038,False,0.1793829341238773,False,0.28585794072043924,False,0.15825519561767573,False
2027,C,171,1780542697.6953301,False,-1,,-1,True,0.0,238.0,0.0,1.7081444709829143,True,0.7320099879545857,True,1.7081444709829143,True,0.0016536217433253913,False,1.0,False
2027,C,172,1780542757.6953301,False,-1,,-1,True,0.0,93.0,0.0,-0.13244006183832457,False,0.6044590597780675,False,-0.13244006183832457,False,0.2855979365480803,False,0.17974710464477536,False
2027,C,173,1780542817.6953301,False,-1,,-1,False,0.0,9.0,0.0,-0.3552831801490717,False,0.44320973531610725,False,-0.3552831801490717,False,0.2818560700236856,False,0.21373920440673827,False
2027,C,174,1780542877.6953301,False,-1,,-1,False,0.0,5.0,0.0,-1.2697547509921607,False,0.4500022159976652,False,-1.2697547509921607,False,0.27842295783718024,False,0.1148904800415039,False
2027,C,175,1780542937.6953301,False,-1,,-1,False,0.0,5.0,0.0,-0.20011408723552826,False,0.4740599603680279,False,-0.20011408723552826,False,0.27842295783718024,False,0.1961991310119629,False
2027,C,176,1780542997.6953301,False,-1,,-1,False,0.0,5.0,0.0,-0.021057548541207893,False,0.5054131427120194,False,-0.021057548541207893,False,0.27842295783718024,False,0.14905853271484376,False
2027,C,177,1780543057.6953301,False,-1,,-1,False,0.0,4.0,0.0,0.10723800150624463,False,0.5032426160918978,False,0.10723800150624463,False,0.2763559382375982,False,0.12001597881317139,False
2027,C,178,1780543117.6953301,False,-1,,-1,False,0.0,4.0,0.0,-1.2046876568296643,False,0.4757850650624159,False,-1.2046876568296643,False,0.2763559382375982,False,0.12266168594360352,False
2027,C,179,1780543177.6953301,False,-1,,-1,False,0.0,6.0,0.0,-1.3929263374177845,False,0.40957077729250285,False,-1.3929263374177845,False,0.2797428676547323,False,0.12635302543640137,False
2027,C,180,1780543237.6953301,False,-1,,-1,False,0.0,3.0,0.0,-0.977257191005779,False,0.5264336462860647,False,-0.977257191005779,False,0.27264782655079933,False,0.12616705894470215,False
2027,C,181,1780543297.6953301,False,-1,,-1,False,0.0,3.0,0.0,-0.2581208223235114,False,0.5429361274353697,False,-0.2581208223235114,False,0.27264782655079933,False,0.17133588790893556,False
2027,C,182,1780543357.6953301,False,-1,,-1,False,0.0,5.0,0.0,-1.1721553477463624,False,0.43910765499766113,False,-1.1721553477463624,False,0.27842295783718024,False,0.12301998138427735,False
2027,C,183,1780543417.6953301,False,-1,,-1,False,0.0,2.0,0.0,0.620068217312113,False,0.5984444983107906,False,0.620068217312113,False,0.2640831332514045,False,0.13065791130065918,False
2027,C,184,1780543477.6953301,False,-1,,-1,False,0.0,2.0,0.0,-0.7737115096241949,False,0.6087498232131786,False,-0.7737115096241949,False,0.2640831332514045,False,0.11882174015045166,False
2027,C,185,1780543537.6953301,False,-1,,-1,False,0.0,5.0,0.0,-1.382405945130385,False,0.44993417725854273,False,-1.382405945130385,False,0.27842295783718024,False,0.13788185119628907,False
2027,C,186,1780543597.6953301,False,-1,,-1,False,0.0,3.0,0.0,0.008065783485704081,False,0.594272205479501,False,0.008065783485704081,False,0.27264782655079933,False,0.09364047050476074,False
2027,C,187,1780543657.6953301,False,-1,,-1,False,0.0,7.0,0.0,-0.5904592794713261,False,0.44310603570011037,False,-0.5904592794713261,False,0.2806604384517065,False,0.14293794631958007,False
2027,C,188,1780543717.6953301,False,-1,,-1,False,0.0,5.0,0.0,-0.8022789849384768,False,0.45267861859872255,False,-0.8022789849384768,False,0.27842295783718024,False,0.12784814834594727,False
2027,C,189,1780543777.6953301,False,-1,,-1,False,0.0,2.0,0.0,-0.5594022632614966,False,0.6214830786356086,False,-0.5594022632614966,False,0.2640831332514045,False,0.10906467437744143,False
2027,C,190,1780543837.6953301,False,-1,,-1,False,0.0,8.0,0.0,-0.9893741509089011,False,0.4070461617250582,False,-0.9893741509089011,False,0.2813364848081088,False,0.11746351718902588,False
2027,C,191,1780543897.6953301,False,-1,,-1,False,0.0,11.0,0.0,-1.276916320185764,False,0.3885321735186148,False,-1.276916320185764,False,0.28260398880394816,False,0.14450693130493167,False
2027,C,192,1780543957.6953301,False,-1,,-1,False,0.0,6.0,0.0,-1.2413057451863914,False,0.43919790466692915,False,-1.2413057451863914,False,0.2797428676547323,False,0.11460530757904053,False
2027,C,193,1780544017.6953301,False,-1,,-1,False,0.0,1.0,0.0,-0.06773684630432086,False,0.6555113489638691,False,-0.06773684630432086,False,0.22627252724241165,False,0.10677099227905272,False
2027,C,194,1780544077.6953301,False,-1,,-1,False,0.0,6.0,0.0,-0.5279018410608218,False,0.4506978910938169,False,-0.5279018410608218,False,0.2797428676547323,False,0.17867684364318848,False
2027,C,195,1780544137.6953301,False,-1,,-1,True,1.0,51.0,0.0,3.9070961396858324,True,0.6894143940788628,True,3.9070961396858324,True,2.292985486972067e-06,False,1.0,False
2027,C,196,1780544197.6953301,False,-1,,-1,True,0.0,237.0,0.0,0.09187765629430977,False,0.6746579265191115,False,0.09187765629430977,False,0.28585415953086873,False,0.17341127395629877,False
2027,C,197,1780544257.6953301,False,-1,,-1,True,1.0,215.0,0.0,0.39514605398843816,False,0.7312523136587438,True,0.39514605398843816,False,0.0010547855713429787,False,0.15991625785827637,False
2027,C,198,1780544317.6953301,False,-1,,-1,True,0.0,169.0,0.0,-0.23602200934075057,False,0.6603020711933698,False,-0.23602200934075057,False,0.285789841526166,False,0.17117242813110342,False
2027,C,199,1780544377.6953301,False,-1,,-1,False,0.0,5.0,0.0,-0.9202026160456445,False,0.44933146134759283,False,-0.9202026160456445,False,0.27842295783718024,False,0.15172786712646483,False
2027,C,200,1780544437.6953301,False,-1,,-1,False,0.0,3.0,0.0,-0.6987378330106395,False,0.5534934298092617,False,-0.6987378330106395,False,0.27264782655079933,False,0.12622056007385254,False
2027,C,201,1780544497.6953301,False,-1,,-1,False,0.0,3.0,0.0,-0.8531417147911391,False,0.5350105053100531,False,-0.8531417147911391,False,0.27264782655079933,False,0.12863845825195314,False
2027,C,202,1780544557.6953301,False,-1,,-1,False,0.0,9.0,0.0,-1.761546544250363,False,0.38580439621056933,False,-1.761546544250363,False,0.2818560700236856,False,0.1472193717956543,False
2027,C,203,1780544617.6953301,False,-1,,-1,False,0.0,7.0,0.0,-0.6178240268755211,False,0.4280897217378443,False,-0.6178240268755211,False,0.2806604384517065,False,0.14946627616882324,False
2027,C,204,1780544677.6953301,False,-1,,-1,False,0.0,4.0,0.0,-0.5508623603084546,False,0.4981722626261785,False,-0.5508623603084546,False,0.2763559382375982,False,0.10063669681549073,False
2027,C,205,1780544737.6953301,False,-1,,-1,False,0.0,4.0,0.0,-0.24184940278270872,False,0.5139422504432265,False,-0.24184940278270872,False,0.2763559382375982,False,0.17711443901062013,False
2027,C,206,1780544797.6953301,False,-1,,-1,False,0.0,2.0,0.0,1.0866616916044296,False,0.6239394701790906,False,1.0866616916044296,False,0.2640831332514045,False,0.1546936511993408,False
2027,C,207,1780544857.6953301,False,-1,,-1,False,0.0,2.0,0.0,-0.6715075868303142,False,0.5897869537977681,False,-0.6715075868303142,False,0.2640831332514045,False,0.11481242179870606,False
2027,C,208,1780544917.6953301,False,-1,,-1,False,0.0,6.0,0.0,-0.4927723286595773,False,0.43831195947940194,False,-0.4927723286595773,False,0.2797428676547323,False,0.14291417598724365,False
2027,C,209,1780544977.6953301,False,-1,,-1,False,0.0,4.0,0.0,-1.2098529136296996,False,0.47432698868447554,False,-1.2098529136296996,False,0.2763559382375982,False,0.14850575923919676,False
2027,C,210,1780545037.6953301,False,-1,,-1,False,0.0,8.0,0.0,-1.5338453676191888,False,0.39496574465142487,False,-1.5338453676191888,False,0.2813364848081088,False,0.137105393409729,False
2027,C,211,1780545097.6953301,False,-1,,-1,False,0.0,4.0,0.0,-0.7818565474211105,False,0.4949496070657544,False,-0.7818565474211105,False,0.2763559382375982,False,0.15700600147247315,False
2027,C,212,1780545157.6953301,False,-1,,-1,False,0.0,8.0,0.0,-1.0929362242279277,False,0.4037463027925358,False,-1.0929362242279277,False,0.2813364848081088,False,0.1204582929611206,False
2027,C,213,1780545217.6953301,False,-1,,-1,True,0.0,39.0,0.0,-0.4830320973651192,False,0.4612081514537883,False,-0.4830320973651192,False,0.2850169472102008,False,0.16525516510009766,False
2027,C,214,1780545277.6953301,False,-1,,-1,True,1.0,197.0,0.0,0.2725525001600708,False,0.7285553529125693,True,0.2725525001600708,False,0.0009748627415373962,False,0.18542213439941407,False
2027,C,215,1780545337.6953301,False,-1,,-1,True,0.0,181.0,0.0,2.174857374991085,True,0.7427509103670805,True,2.174857374991085,True,0.024388189823342985,False,2.0,True
2027,C,216,1780545397.6953301,False,-1,,-1,True,1.0,156.0,0.0,0.10040804767995049,False,0.7173985855595157,True,0.10040804767995049,False,0.0007817075466591982,False,0.17488241195678708,False
2027,C,217,1780545457.6953301,False,-1,,-1,False,0.0,4.0,0.0,0.2240805275515676,False,0.5099480539634677,False,0.2240805275515676,False,0.2763559382375982,False,0.20353016853332517,False
2027,C,218,1780545517.6953301,False,-1,,-1,False,0.0,6.0,0.0,-0.7549448591664678,False,0.45105127082066043,False,-0.7549448591664678,False,0.2797428676547323,False,0.10903239250183105,False
2027,C,219,1780545577.6953301,False,-1,,-1,False,0.0,5.0,0.0,-1.5518254396775317,False,0.4328242725055109,False,-1.5518254396775317,False,0.27842295783718024,False,0.13381900787353515,False
2027,C,220,1780545637.6953301,False,-1,,-1,False,0.0,3.0,0.0,-0.3826446690138372,False,0.5353943513225302,False,-0.3826446690138372,False,0.27264782655079933,False,0.1089296817779541,False
2027,C,221,1780545697.6953301,False,-1,,-1,False,0.0,6.0,0.0,-1.4045909365052616,False,0.41370148771626697,False,-1.4045909365052616,False,0.2797428676547323,False,0.15163695812225342,False
2027,C,222,1780545757.6953301,False,-1,,-1,False,0.0,8.0,0.0,-0.723300310721009,False,0.4318857890967843,False,-0.723300310721009,False,0.2813364848081088,False,0.11824731826782228,False
2027,C,223,1780545817.6953301,False,-1,,-1,False,0.0,5.0,0.0,-0.7170289319130543,False,0.4768619828894219,False,-0.7170289319130543,False,0.27842295783718024,False,0.13021459579467773,False
2027,C,224,1780545877.6953301,False,-1,,-1,False,0.0,8.0,0.0,-1.3490626956758662,False,0.39696240265529914,False,-1.3490626956758662,False,0.2813364848081088,False,0.12931275367736816,False
2027,C,225,1780545937.6953301,False,-1,,-1,False,0.0,5.0,0.0,-0.8594378375083247,False,0.4426610611595893,False,-0.8594378375083247,False,0.27842295783718024,False,0.12235116958618164,False
2027,C,226,1780545997.6953301,False,-1,,-1,False,0.0,8.0,0.0,-1.5436256540431312,False,0.3955697546346214,False,-1.5436256540431312,False,0.2813364848081088,False,0.15125489234924316,False
2027,C,227,1780546057.6953301,False,-1,,-1,False,0.0,8.0,0.0,-0.850581144311195,False,0.4251908170230355,False,-0.850581144311195,False,0.2813364848081088,False,0.14802789688110352,False
2027,C,228,1780546117.6953301,False,-1,,-1,False,0.0,4.0,0.0,-0.08182278684077016,False,0.5271532052810816,False,-0.08182278684077016,False,0.2763559382375982,False,0.12312698364257812,False
2027,C,229,1780546177.6953301,False,-1,,-1,False,0.0,11.0,0.0,-0.8112685354423741,False,0.39247198790125765,False,-0.8112685354423741,False,0.28260398880394816,False,0.1408214569091797,False
2027,C,230,1780546237.6953301,False,-1,,-1,False,0.0,6.0,0.0,-1.0668731604746,False,0.41578291709526494,False,-1.0668731604746,False,0.2797428676547323,False,0.12016177177429198,False
2027,C,231,1780546297.6953301,False,-1,,-1,False,0.0,4.0,0.0,0.017309049595279014,False,0.5386046266939558,False,0.017309049595279014,False,0.2763559382375982,False,0.16094956398010254,False
2027,C,232,1780546357.6953301,False,-1,,-1,False,0.0,8.0,0.0,-1.5534476171241005,False,0.4082429785740336,False,-1.5534476171241005,False,0.2813364848081088,False,0.1289024829864502,False
2027,C,233,1780546417.6953301,False,-1,,-1,False,0.0,4.0,0.0,0.21244764424449514,False,0.535516359318052,False,0.21244764424449514,False,0.2763559382375982,False,0.14891519546508789,False
2027,C,234,1780546477.6953301,False,-1,,-1,False,0.0,6.0,0.0,-1.1116806812082611,False,0.42423650567986804,False,-1.1116806812082611,False,0.2797428676547323,False,0.15513348579406738,False
2027,C,235,1780546537.6953301,False,-1,,-1,False,0.0,3.0,0.0,-0.9559458845007356,False,0.5270070012746558,False,-0.9559458845007356,False,0.27264782655079933,False,0.14279632568359374,False
2027,C,236,1780546597.6953301,False,-1,,-1,False,0.0,4.0,0.0,-0.14807451782069503,False,0.5113380570824644,False,-0.14807451782069503,False,0.2763559382375982,False,0.09601359367370606,False
2027,C,237,1780546657.6953301,False,-1,,-1,False,0.0,6.0,0.0,-1.0386188905661955,False,0.4221030265565148,False,-1.0386188905661955,False,0.2797428676547323,False,0.11874032020568848,False
2027,C,238,1780546717.6953301,False,-1,,-1,False,0.0,6.0,0.0,-1.3295687022295448,False,0.41862088138825315,False,-1.3295687022295448,False,0.2797428676547323,False,0.15761685371398926,False
2027,C,239,1780546777.6953301,False,-1,,-1,False,0.0,5.0,0.0,0.06657535541069226,False,0.5029628413004146,False,0.06657535541069226,False,0.27842295783718024,False,0.10554332733154297,False
2027,C,240,1780546837.6953301,False,-1,,-1,True,1.0,185.0,0.0,3.8645785297113004,True,0.7562145489747049,True,3.8645785297113004,True,1.3501281508793916e-05,False,1.0,False
2027,C,241,1780546897.6953301,False,-1,,-1,True,0.0,220.0,0.0,-0.0815156147823366,False,0.6720490057900562,False,-0.0815156147823366,False,0.2858421631330211,False,0.18060157299041749,False
2027,C,242,1780546957.6953301,False,-1,,-1,True,0.0,206.0,0.0,-0.21710435109057968,False,0.6648810112855181,False,-0.21710435109057968,False,0.2858306043840843,False,0.17407894134521482,False
2027,C,243,1780547017.6953301,False,-1,,-1,True,0.0,50.0,0.0,-0.416480217851392,False,0.48607851746236597,False,-0.416480217851392,False,0.2852339686019072,False,0.15881063938140869,False
2027,C,244,1780547077.6953301,False,-1,,-1,False,0.0,4.0,0.0,-1.2933030051712393,False,0.49016018266790606,False,-1.2933030051712393,False,0.2763559382375982,False,0.11738390922546388,False
2027,C,245,1780547137.6953301,False,-1,,-1,False,0.0,2.0,0.0,3.329141226217059,True,0.6554793162046734,False,3.329141226217059,True,0.2640831332514045,False,0.07931909561157227,False
2027,C,246,1780547197.6953301,False,-1,,-1,False,0.0,5.0,0.0,-1.3148618235297134,False,0.4549979748437929,False,-1.3148618235297134,False,0.27842295783718024,False,0.11679019927978515,False
2027,C,247,1780547257.6953301,False,-1,,-1,False,0.0,10.0,0.0,-1.590143574866243,False,0.40337942968495,False,-1.590143574866243,False,0.28226841507490547,False,0.1508532762527466,False
2027,C,248,1780547317.6953301,False,-1,,-1,False,0.0,6.0,0.0,-1.3939207142786767,False,0.4113708541080035,False,-1.3939207142786767,False,0.2797428676547323,False,0.12945210933685303,False
2027,C,249,1780547377.6953301,False,-1,,-1,False,0.0,8.0,0.0,-1.2993379775996754,False,0.40280614050209657,False,-1.2993379775996754,False,0.2813364848081088,False,0.149847674369812,False
2027,C,250,1780547437.6953301,False,-1,,-1,False,0.0,8.0,0.0,-1.3269459373427646,False,0.40663996279444886,False,-1.3269459373427646,False,0.2813364848081088,False,0.16424391269683838,False
2027,C,251,1780547497.6953301,False,-1,,-1,False,0.0,6.0,0.0,-1.2756464252759914,False,0.41570216919212194,False,-1.2756464252759914,False,0.2797428676547323,False,0.14416897296905518,False
2027,C,252,1780547557.6953301,False,-1,,-1,False,0.0,2.0,0.0,0.9387232859402745,False,0.6445066264689511,False,0.9387232859402745,False,0.2640831332514045,False,0.07973475456237793,False
2027,C,253,1780547617.6953301,False,-1,,-1,False,0.0,2.0,0.0,0.5018034442170367,False,0.6332686587235977,False,0.5018034442170367,False,0.2640831332514045,False,0.13743693828582765,False
2027,C,254,1780547677.6953301,False,-1,,-1,False,0.0,7.0,0.0,0.31906503821446286,False,0.6012805072218558,False,0.31906503821446286,False,2.721966835872844e-05,False,1.0,False
2027,C,255,1780547737.6953301,False,-1,,-1,False,0.0,3.0,0.0,-1.087838659834329,False,0.5266630584982499,False,-1.087838659834329,False,0.27264782655079933,False,0.12558460235595703,False
2027,C,256,1780547797.6953301,False,-1,,-1,False,0.0,7.0,0.0,-1.5920472555508942,False,0.39969959836165264,False,-1.5920472555508942,False,0.2806604384517065,False,0.13804240226745607,False
2027,C,257,1780547857.6953301,False,-1,,-1,False,0.0,6.0,0.0,0.7344202720721555,False,0.4736944459254566,False,0.7344202720721555,False,0.2797428676547323,False,0.1535179615020752,False
2027,C,258,1780547917.6953301,False,-1,,-1,False,0.0,7.0,0.0,-1.0261441456138218,False,0.438688858649718,False,-1.0261441456138218,False,0.2806604384517065,False,0.16190629005432125,False
2027,C,259,1780547977.6953301,False,-1,,-1,False,0.0,8.0,0.0,-0.08043752589141473,False,0.46203126185057725,False,-0.08043752589141473,False,0.2813364848081088,False,0.09681801795959473,False
2027,C,260,1780548037.6953301,False,-1,,-1,False,0.0,10.0,0.0,-0.8961980316036078,False,0.4377587001186082,False,-0.8961980316036078,False,0.28226841507490547,False,0.12612409591674806,False
2027,C,261,1780548097.6953301,False,-1,,-1,False,0.0,6.0,0.0,-0.6188141761406785,False,0.4688537462649672,False,-0.6188141761406785,False,0.2797428676547323,False,0.1032336950302124,False
2027,C,262,1780548157.6953301,False,-1,,-1,False,0.0,7.0,0.0,-1.102959000507835,False,0.42433901638702914,False,-1.102959000507835,False,0.2806604384517065,False,0.17601084709167478,False
2027,C,263,1780548217.6953301,False,-1,,-1,False,0.0,6.0,0.0,-1.1437076547736913,False,0.424815899841701,False,-1.1437076547736913,False,0.2797428676547323,False,0.16477704048156738,False
2027,C,264,1780548277.6953301,False,-1,,-1,False,0.0,6.0,0.0,-0.4291245271970672,False,0.4322260511041604,False,-0.4291245271970672,False,0.2797428676547323,False,0.11889696121215819,False
2027,C,265,1780548337.6953301,False,-1,,-1,False,0.0,4.0,0.0,-0.17288163564910342,False,0.5245144426483834,False,-0.17288163564910342,False,0.2763559382375982,False,0.16790645122528075,False
2027,C,266,1780548397.6953301,False,-1,,-1,False,0.0,3.0,0.0,-0.5662458299835054,False,0.566521344031954,False,-0.5662458299835054,False,0.27264782655079933,False,0.10235719680786133,False
2027,C,267,1780548457.6953301,False,-1,,-1,False,0.0,10.0,0.0,-1.526525916500189,False,0.3972215213252612,False,-1.526525916500189,False,0.28226841507490547,False,0.1760939121246338,False
2027,C,268,1780548517.6953301,False,-1,,-1,False,0.0,7.0,0.0,-1.2057114583428694,False,0.42863048401860154,False,-1.2057114583428694,False,0.2806604384517065,False,0.12484326362609861,False
2027,C,269,1780548577.6953301,False,-1,,-1,False,0.0,7.0,0.0,-0.937754573840758,False,0.41753623064554324,False,-0.937754573840758,False,0.2806604384517065,False,0.11076970100402832,False
2027,C,270,1780548637.6953301,False,-1,,-1,False,0.0,6.0,0.0,-0.9478398603924703,False,0.4487824760239921,False,-0.9478398603924703,False,0.2797428676547323,False,0.10365962982177734,False
2027,C,271,1780548697.6953301,False,-1,,-1,False,0.0,6.0,0.0,-1.4456542366911158,False,0.41776493606174653,False,-1.4456542366911158,False,0.2797428676547323,False,0.1351097822189331,False
2027,C,272,1780548757.6953301,False,-1,,-1,False,0.0,9.0,0.0,-1.5882243821190034,False,0.38893590981268067,False,-1.5882243821190034,False,0.2818560700236856,False,0.13338232040405273,False
2027,C,273,1780548817.6953301,False,-1,,-1,False,0.0,5.0,0.0,0.13609211014415123,False,0.4965877939470654,False,0.13609211014415123,False,0.27842295783718024,False,0.16310806274414064,False
2027,C,274,1780548877.6953301,False,-1,,-1,False,0.0,7.0,0.0,-1.0322122546628387,False,0.40494692678470223,False,-1.0322122546628387,False,0.2806604384517065,False,0.12949252128601074,False
2027,C,275,1780548937.6953301,False,-1,,-1,False,0.0,5.0,0.0,-1.0694772834175401,False,0.4445532372550931,False,-1.0694772834175401,False,0.27842295783718024,False,0.12394180297851565,False
2027,C,276,1780548997.6953301,False,-1,,-1,False,0.0,10.0,0.0,-1.1479392385918903,False,0.40308281835220117,False,-1.1479392385918903,False,0.28226841507490547,False,0.11923224925994873,False
2027,C,277,1780549057.6953301,False,-1,,-1,False,0.0,11.0,0.0,-1.4694749889912346,False,0.3889798120811436,False,-1.4694749889912346,False,0.28260398880394816,False,0.13466978073120117,False
2027,C,278,1780549117.6953301,False,-1,,-1,True,1.0,72.0,0.0,0.505897304751393,False,0.6782836139932247,False,0.505897304751393,False,0.0003302243141132552,False,0.18864951133728058,False
2027,C,279,1780549177.6953301,False,-1,,-1,True,0.0,213.0,0.0,0.47187651790323626,False,0.6864843851084542,True,0.47187651790323626,False,0.28583659464297223,False,0.17278795242309566,False
2027,C,280,1780549237.6953301,False,-1,,-1,True,0.0,248.0,0.0,0.7945572500947193,False,0.6947888866486106,True,0.7945572500947193,False,0.2858609316282155,False,0.18654887676239018,False
2027,C,281,1780549297.6953301,False,-1,,-1,True,0.0,175.0,0.0,-0.09907040250179122,False,0.6616253654513479,False,-0.09907040250179122,False,0.28579771448099167,False,0.17156476974487286,False
2027,C,282,1780549357.6953301,False,-1,,-1,False,0.0,8.0,0.0,-1.2804285202538237,False,0.41340805369142886,False,-1.2804285202538237,False,0.2813364848081088,False,0.1566925048828125,False
2027,C,283,1780549417.6953301,False,-1,,-1,False,0.0,9.0,0.0,-1.5604961448432997,False,0.39302245563880195,False,-1.5604961448432997,False,0.2818560700236856,False,0.13031225204467772,False
2027,C,284,1780549477.6953301,False,-1,,-1,False,0.0,8.0,0.0,-1.1481228734505136,False,0.4133379964843667,False,-1.1481228734505136,False,0.2813364848081088,False,0.1582850694656372,False
2027,C,285,1780549537.6953301,False,-1,,-1,False,0.0,3.0,0.0,-0.8140084818309354,False,0.5430680075960294,False,-0.8140084818309354,False,0.27264782655079933,False,0.10104498863220215,False
2027,C,286,1780549597.6953301,False,-1,,-1,False,0.0,9.0,0.0,-1.3100243051345979,False,0.4090136196763621,False,-1.3100243051345979,False,0.2818560700236856,False,0.1921895980834961,False
2027,C,287,1780549657.6953301,False,-1,,-1,False,0.0,3.0,0.0,-0.011442091351042905,False,0.5609190123049032,False,-0.011442091351042905,False,0.27264782655079933,False,0.14674763679504393,False
2027,C,288,1780549717.6953301,False,-1,,-1,False,0.0,6.0,0.0,-0.8015981772516838,False,0.44287147605476923,False,-0.8015981772516838,False,0.2797428676547323,False,0.17861318588256836,False
2027,C,289,1780549777.6953301,False,-1,,-1,False,0.0,8.0,0.0,-1.5783403800697116,False,0.3901899894457055,False,-1.5783403800697116,False,0.2813364848081088,False,0.14284265041351318,False
2027,C,290,1780549837.6953301,False,-1,,-1,False,0.0,5.0,0.0,-0.5521584022996322,False,0.4710226935824316,False,-0.5521584022996322,False,0.27842295783718024,False,0.13737239837646484,False
2027,C,291,1780549897.6953301,False,-1,,-1,False,0.0,9.0,0.0,-1.2657970669956393,False,0.4145355936481785,False,-1.2657970669956393,False,0.2818560700236856,False,0.18271141052246093,False
2027,C,292,1780549957.6953301,False,-1,,-1,False,0.0,2.0,0.0,-0.010388762037720767,False,0.6032730754011614,False,-0.010388762037720767,False,0.2640831332514045,False,0.1338325023651123,False
2027,C,293,1780550017.6953301,False,-1,,-1,False,0.0,9.0,0.0,-1.0074246747999007,False,0.3932668909728191,False,-1.0074246747999007,False,0.2818560700236856,False,0.1272139549255371,False
2027,C,294,1780550077.6953301,False,-1,,-1,False,0.0,8.0,0.0,-1.678824071159017,False,0.3957355877589937,False,-1.678824071159017,False,0.2813364848081088,False,0.14633185863494874,False
2027,C,295,1780550137.6953301,False,-1,,-1,False,0.0,5.0,0.0,-0.7444219333072946,False,0.4681421154443133,False,-0.7444219333072946,False,0.27842295783718024,False,0.09726953506469725,False
2027,C,296,1780550197.6953301,False,-1,,-1,False,0.0,1.0,0.0,0.31970426502045424,False,0.6822860201683614,False,0.31970426502045424,False,0.22627252724241165,False,0.12909173965454102,False
2027,C,297,1780550257.6953301,False,-1,,-1,False,0.0,4.0,0.0,-0.011144541986262801,False,0.5164408973045465,False,-0.011144541986262801,False,0.2763559382375982,False,0.11681852340698243,False
2027,C,298,1780550317.6953301,False,-1,,-1,False,1.0,9.0,0.0,0.2454977590604459,False,0.6033994394162734,False,0.2454977590604459,False,5.4158922049073495e-06,False,0.18023948669433593,False
2027,C,299,1780550377.6953301,False,-1,,-1,False,0.0,6.0,0.0,-0.151346190728205,False,0.45195940676986207,False,-0.151346190728205,False,0.2797428676547323,False,0.110964298248291,False
2027,C,300,1780550437.6953301,False,-1,,-1,False,0.0,6.0,0.0,-1.5727486855766655,False,0.4175359630437059,False,-1.5727486855766655,False,0.2797428676547323,False,0.1346210241317749,False
2027,C,301,1780550497.6953301,False,-1,,-1,False,0.0,6.0,0.0,-0.9845026659105844,False,0.4192477069361817,False,-0.9845026659105844,False,0.2797428676547323,False,0.11653411388397217,False
2027,C,302,1780550557.6953301,False,-1,,-1,False,0.0,6.0,0.0,-0.5557548372825263,False,0.4528253774207464,False,-0.5557548372825263,False,0.2797428676547323,False,0.17287909984588623,False
2027,C,303,1780550617.6953301,False,-1,,-1,False,0.0,10.0,0.0,-1.6174672318663834,False,0.3856562591753394,False,-1.6174672318663834,False,0.28226841507490547,False,0.1587456703186035,False
2027,C,304,1780550677.6953301,False,-1,,-1,False,0.0,9.0,0.0,-1.037896369505094,False,0.4157150691958974,False,-1.037896369505094,False,0.2818560700236856,False,0.18355197906494142,False
2027,C,305,1780550737.6953301,False,-1,,-1,False,0.0,2.0,0.0,0.27646615905602356,False,0.5962790627179806,False,0.27646615905602356,False,0.2640831332514045,False,0.1230428695678711,False
2027,C,306,1780550797.6953301,False,-1,,-1,False,0.0,9.0,0.0,-1.0797433510143382,False,0.3933783601036625,False,-1.0797433510143382,False,0.2818560700236856,False,0.12829008102416992,False
2027,C,307,1780550857.6953301,False,-1,,-1,False,0.0,10.0,0.0,-1.0990658721940552,False,0.40983313878486427,False,-1.0990658721940552,False,0.28226841507490547,False,0.1789314031600952,False
2027,C,308,1780550917.6953301,False,-1,,-1,False,0.0,8.0,0.0,-1.3704447145039307,False,0.3931908292494955,False,-1.3704447145039307,False,0.2813364848081088,False,0.13493831157684327,False
2027,C,309,1780550977.6953301,False,-1,,-1,False,0.0,3.0,0.0,-1.0576304174499533,False,0.5277524832994229,False,-1.0576304174499533,False,0.27264782655079933,False,0.13693838119506835,False
2027,C,310,1780551037.6953301,False,-1,,-1,False,0.0,5.0,0.0,-0.9863989007364857,False,0.47778541206376,False,-0.9863989007364857,False,0.27842295783718024,False,0.1116713523864746,False
2027,C,311,1780551097.6953301,False,-1,,-1,False,0.0,10.0,0.0,0.02569921613316062,False,0.45037147281548084,False,0.02569921613316062,False,0.28226841507490547,False,0.16509971618652344,False
2027,C,312,1780551157.6953301,False,-1,,-1,True,0.0,30.0,0.0,-0.9190963378089521,False,0.3784305571226268,False,-0.9190963378089521,False,0.2847257307483576,False,0.15559983253479007,False
2027,C,313,1780551217.6953301,False,-1,,-1,True,1.0,233.0,0.0,3.892947291666813,True,0.766257721349305,True,3.892947291666813,True,1.7796333754872935e-05,False,1.0,False
2027,C,314,1780551277.6953301,False,-1,,-1,True,0.0,254.0,0.0,1.655270325013741,True,0.7312674628945196,True,1.655270325013741,True,0.0017381154529834096,False,1.0,False
2027,C,315,1780551337.6953301,False,-1,,-1,True,0.0,225.0,0.0,0.14460846412788797,False,0.6834643860199853,False,0.14460846412788797,False,0.2858459041096338,False,0.16946296691894527,False
2027,C,316,1780551397.6953301,False,-1,,-1,False,0.0,4.0,0.0,-0.5118325905273275,False,0.49717626518489927,False,-0.5118325905273275,False,0.2763559382375982,False,0.10621230602264405,False
2027,C,317,1780551457.6953301,False,-1,,-1,False,0.0,6.0,0.0,-0.65679362057356,False,0.4503674945137362,False,-0.65679362057356,False,0.2797428676547323,False,0.14330780506134033,False
2027,C,318,1780551517.6953301,False,-1,,-1,False,0.0,9.0,0.0,-1.2026092752042628,False,0.38676845894874007,False,-1.2026092752042628,False,0.2818560700236856,False,0.13381376266479492,False
2027,C,319,1780551577.6953301,False,-1,,-1,False,0.0,12.0,0.0,-1.2621482989271149,False,0.382791514445896,False,-1.2621482989271149,False,0.28288267083732616,False,0.14044117927551272,False
2027,C,320,1780551637.6953301,False,-1,,-1,False,0.0,9.0,0.0,-0.6862792278641976,False,0.5903528703611088,False,-0.6862792278641976,False,4.087868413497179e-05,False,1.0,False
2027,C,321,1780551697.6953301,False,-1,,-1,False,0.0,9.0,0.0,-1.1883736173793418,False,0.3964549796902237,False,-1.1883736173793418,False,0.2818560700236856,False,0.15189704895019532,False
2027,C,322,1780551757.6953301,False,-1,,-1,False,0.0,4.0,0.0,-0.20964532283776727,False,0.5211062604951214,False,-0.20964532283776727,False,0.2763559382375982,False,0.16788663864135742,False
2027,C,323,1780551817.6953301,False,-1,,-1,False,0.0,3.0,0.0,-0.41565863329479846,False,0.5482646991679819,False,-0.41565863329479846,False,0.27264782655079933,False,0.13948817253112794,False
2027,C,324,1780551877.6953301,False,-1,,-1,False,0.0,5.0,0.0,-1.2338372744850403,False,0.4392436611024814,False,-1.2338372744850403,False,0.27842295783718024,False,0.16573915481567383,False
2027,C,325,1780551937.6953301,False,-1,,-1,False,0.0,5.0,0.0,3.6632670410449992,True,0.6540811534309977,False,3.6632670410449992,True,1.526077426038037e-05,False,1.0,False
2027,C,326,1780551997.6953301,False,-1,,-1,False,0.0,10.0,0.0,-1.5323922110058934,False,0.3957647966085697,False,-1.5323922110058934,False,0.28226841507490547,False,0.13648884296417235,False
2027,C,327,1780552057.6953301,False,-1,,-1,False,0.0,9.0,0.0,-0.9228769635751881,False,0.41590334921968874,False,-0.9228769635751881,False,0.2818560700236856,False,0.11220197677612304,False
2027,C,328,1780552117.6953301,False,-1,,-1,False,0.0,8.0,0.0,-1.370599562018457,False,0.3984205155940629,False,-1.370599562018457,False,0.2813364848081088,False,0.1282263994216919,False
2027,C,329,1780552177.6953301,False,-1,,-1,False,0.0,5.0,0.0,-1.401636102176842,False,0.4330234447178193,False,-1.401636102176842,False,0.27842295783718024,False,0.15188474655151368,False
2027,C,330,1780552237.6953301,False,-1,,-1,False,0.0,4.0,0.0,-0.7506942203538269,False,0.48964306100552907,False,-0.7506942203538269,False,0.2763559382375982,False,0.11951839923858643,False
2027,C,331,1780552297.6953301,False,-1,,-1,False,0.0,7.0,0.0,-1.4047712189623223,False,0.4285299490032725,False,-1.4047712189623223,False,0.2806604384517065,False,0.12263226509094238,False
2027,C,332,1780552357.6953301,False,-1,,-1,False,0.0,3.0,0.0,-0.6312565618641628,False,0.5336126250493219,False,-0.6312565618641628,False,0.27264782655079933,False,0.15763144493103026,False
2027,C,333,1780552417.6953301,False,-1,,-1,False,0.0,10.0,0.0,-0.34776639442612645,False,0.40401124690307966,False,-0.34776639442612645,False,0.28226841507490547,False,0.11339607238769531,False
2027,C,334,1780552477.6953301,False,-1,,-1,False,0.0,7.0,0.0,-0.2834299632735062,False,0.461914253824173,False,-0.2834299632735062,False,0.2806604384517065,False,0.17934761047363282,False
2027,C,335,1780552537.6953301,False,-1,,-1,False,0.0,4.0,0.0,-0.8828642757580054,False,0.5034681615771576,False,-0.8828642757580054,False,0.2763559382375982,False,0.12834467887878417,False
2027,C,336,1780552597.6953301,False,-1,,-1,False,0.0,6.0,0.0,-0.6704054335719007,False,0.47068561075600374,False,-0.6704054335719007,False,0.2797428676547323,False,0.10352778434753418,False
2027,C,337,1780552657.6953301,False,-1,,-1,False,0.0,10.0,0.0,-1.4770234272506944,False,0.38319955589747695,False,-1.4770234272506944,False,0.28226841507490547,False,0.13323602676391602,False
2027,C,338,1780552717.6953301,False,-1,,-1,False,0.0,4.0,0.0,-1.1895892163254844,False,0.4724074275522856,False,-1.1895892163254844,False,0.2763559382375982,False,0.12876615524291993,False
2027,C,339,1780552777.6953301,False,-1,,-1,True,1.0,151.0,0.0,0.325303366507641,False,0.7197845539659782,True,0.325303366507641,False,0.0007570053404031991,False,0.20255088806152344,False
2027,C,340,1780552837.6953301,False,-1,,-1,True,0.0,304.0,0.0,0.579091991984479,False,0.6848913556567527,False,0.579091991984479,False,0.28588669013693924,False,0.16667618751525862,False
2027,C,341,1780552897.6953301,False,-1,,-1,True,0.0,279.0,0.0,1.7569205988222283,True,0.7384878566568097,True,1.7569205988222283,True,0.0018653910740714034,False,1.0,False
2027,C,342,1780552957.6953301,False,-1,,-1,True,0.0,105.0,0.0,-0.18929000602690405,False,0.6172784120692224,False,-0.18929000602690405,False,0.28564695939476126,False,0.18075246810913076,False
2027,C,343,1780553017.6953301,False,-1,,-1,False,0.0,4.0,0.0,-1.1686074110414832,False,0.47626180902228515,False,-1.1686074110414832,False,0.2763559382375982,False,0.13477327823638915,False
2027,C,344,1780553077.6953301,False,-1,,-1,False,0.0,11.0,0.0,-1.6821446026073925,False,0.39195622883524955,False,-1.6821446026073925,False,0.28260398880394816,False,0.14260315895080566,False
2027,C,345,1780553137.6953301,False,-1,,-1,False,0.0,9.0,0.0,-0.8513294679910395,False,0.415903796656263,False,-0.8513294679910395,False,0.2818560700236856,False,0.13454713821411132,False
2027,C,346,1780553197.6953301,False,-1,,-1,False,0.0,5.0,0.0,0.25006204005124744,False,0.5006637790843196,False,0.25006204005124744,False,0.27842295783718024,False,0.15028800964355468,False
2027,C,347,1780553257.6953301,False,-1,,-1,False,0.0,11.0,0.0,-1.5481455719636825,False,0.3792603591156746,False,-1.5481455719636825,False,0.28260398880394816,False,0.1465027332305908,False
2027,C,348,1780553317.6953301,False,-1,,-1,False,0.0,9.0,0.0,-1.1652324469618627,False,0.4291119541192957,False,-1.1652324469618627,False,0.2818560700236856,False,0.12179670333862302,False
2027,C,349,1780553377.6953301,False,-1,,-1,False,0.0,7.0,0.0,-1.0981349107491205,False,0.4095611547560975,False,-1.0981349107491205,False,0.2806604384517065,False,0.12513279914855957,False
2027,C,350,1780553437.6953301,False,-1,,-1,False,0.0,8.0,0.0,-1.5065468579633379,False,0.39945393161052467,False,-1.5065468579633379,False,0.2813364848081088,False,0.1540903329849243,False
2027,C,351,1780553497.6953301,False,-1,,-1,False,0.0,9.0,0.0,-1.0888309505240805,False,0.3980076757449912,False,-1.0888309505240805,False,0.2818560700236856,False,0.15205488204956055,False
2027,C,352,1780553557.6953301,False,-1,,-1,False,0.0,8.0,0.0,-0.5425731022360845,False,0.42461930924574365,False,-0.5425731022360845,False,0.2813364848081088,False,0.14584105014801022,False
2027,C,353,1780553617.6953301,False,-1,,-1,False,0.0,6.0,0.0,-1.3984664958119062,False,0.43982304522384885,False,-1.3984664958119062,False,0.2797428676547323,False,0.12306737899780272,False
2027,C,354,1780553677.6953301,False,-1,,-1,False,0.0,6.0,0.0,-0.5561138167044684,False,0.4379101426171009,False,-0.5561138167044684,False,0.2797428676547323,False,0.1173083782196045,False
2027,C,355,1780553737.6953301,False,-1,,-1,False,0.0,8.0,0.0,1.769250991057688,True,0.5169022507161964,False,1.769250991057688,True,0.2813364848081088,False,0.1807851791381836,False
2027,C,356,1780553797.6953301,False,-1,,-1,False,0.0,8.0,0.0,-1.3482894813629978,False,0.3975879691101211,False,-1.3482894813629978,False,0.2813364848081088,False,0.12663230895996094,False
2027,C,357,1780553857.6953301,False,-1,,-1,False,0.0,10.0,0.0,-1.2961767468653775,False,0.3927332854038207,False,-1.2961767468653775,False,0.28226841507490547,False,0.14301557540893556,False
2027,C,358,1780553917.6953301,False,-1,,-1,False,0.0,5.0,0.0,-1.4286752175951243,False,0.44760726516079524,False,-1.4286752175951243,False,0.27842295783718024,False,0.13043575286865233,False
2027,C,359,1780553977.6953301,False,-1,,-1,False,0.0,7.0,0.0,-0.8857054927301791,False,0.40920100352333494,False,-0.8857054927301791,False,0.2806604384517065,False,0.12662363052368167,False
