t_sent,kind,status,latency_ms,trace_id,error
1790018971.713,create,504,3232.71,Root=1-6ab1859c-776c225e7887861e3f2a0d9b;Parent=41384dd8fac477f2;Sampled=0;Lineage=1:3cc2d273:0,
1790018970.713,create,504,4702.73,Root=1-6ab1859b-2c0c2c2f2fa91db663d5ea5e;Parent=516fd8445d25cd00;Sampled=0;Lineage=1:3cc2d273:0,
1790018972.713,create,504,3515.59,Root=1-6ab1859d-240599bf4e6ddf173598dc66;Parent=1f77ed28b227c8f9;Sampled=0;Lineage=1:3cc2d273:0,
1790018974.713,create,504,1609.46,Root=1-6ab1859f-4b79925104adb7e6446d4aca;Parent=06cb5041dcb3c98c;Sampled=0;Lineage=1:3cc2d273:0,
1790018973.713,create,504,3625.36,Root=1-6ab1859e-6f3d2a8146f23682354ae693;Parent=7bc0816f0aedc8b4;Sampled=0;Lineage=1:3cc2d273:0,
1790018975.713,create,504,1732.08,Root=1-6ab185a0-11aa242a0eea7f2210829ccf;Parent=3daade3b07c14504;Sampled=0;Lineage=1:3cc2d273:0,
1790018976.713,create,504,1723.71,Root=1-6ab185a1-78562f3233327d1234098f57;Parent=478047515373e4df;Sampled=0;Lineage=1:3cc2d273:0,
1790018977.713,create,201,1010.26,Root=1-6ab185a2-34d6b89474b4702d510b1aaf;Parent=2050c05cabd58f09;Sampled=0;Lineage=1:3cc2d273:0,
1790018978.713,create,201,872.18,Root=1-6ab185a3-59f5dacb6e4956cf7048974b;Parent=7954cb5be3375163;Sampled=0;Lineage=1:3cc2d273:0,
1790018979.713,create,201,615.12,Root=1-6ab185a3-38278822657b6cb438303563;Parent=47f37e112bee91c9;Sampled=0;Lineage=1:3cc2d273:0,
1790018980.713,create,201,947.11,Root=1-6ab185a5-731d80624a8268504dbd6619;Parent=07e16a6f09073ede;Sampled=0;Lineage=1:3cc2d273:0,
1790018981.713,create,201,634.14,Root=1-6ab185a5-292858cd13c1ed7506400f88;Parent=754ac09a7d1dd725;Sampled=0;Lineage=1:3cc2d273:0,
1790018982.713,create,201,922.92,Root=1-6ab185a6-4004e65a0c3f970d5b1af8d0;Parent=3274efce51af265f;Sampled=0;Lineage=1:3cc2d273:0,
1790018983.713,create,201,928.68,Root=1-6ab185a8-2eca39104b9171046c5dc669;Parent=15f126464cac8b78;Sampled=0;Lineage=1:3cc2d273:0,
1790018984.713,create,201,897.01,Root=1-6ab185a9-24b8e2b511576040285d2615;Parent=637d3db2a8d104e9;Sampled=0;Lineage=1:3cc2d273:0,
1790018985.713,create,201,863.58,Root=1-6ab185aa-16d3cd5377c919c328e51088;Parent=0289d33ce632fd6e;Sampled=0;Lineage=1:3cc2d273:0,
1790018986.713,create,201,923.43,Root=1-6ab185ab-240a51bd645f11c5754ca6bb;Parent=6b5e94241d80f32a;Sampled=0;Lineage=1:3cc2d273:0,
1790018987.713,create,201,611.46,Root=1-6ab185ab-009208ee2f298a4b117417d7;Parent=59e902eef4448ea3;Sampled=0;Lineage=1:3cc2d273:0,
1790018988.713,cancel,200,731.01,Root=1-6ab185ad-5fca3d1a41e7ad0f7e14d67d;Parent=195a1aabb5b17c65;Sampled=0;Lineage=1:3cc2d273:0,
1790018989.713,create,201,748.56,Root=1-6ab185ad-0b5dd76470e897eb482545c8;Parent=607a76296f4c71a0;Sampled=0;Lineage=1:3cc2d273:0,
1790018990.713,get,200,569.17,Root=1-6ab185af-249ec71c7b7fdfb87dfdfa74;Parent=1e638a08e5505c04;Sampled=0;Lineage=1:3cc2d273:0,
1790018991.713,create,201,1008.83,Root=1-6ab185b0-64ae8a29295eda8e081a747d;Parent=7499e9677f57a603;Sampled=0;Lineage=1:3cc2d273:0,
1790018992.713,create,201,862.99,Root=1-6ab185b1-7f21ded90bbca16a43f61134;Parent=73af9e0d086bfb59;Sampled=0;Lineage=1:3cc2d273:0,
1790018993.713,create,201,635.88,Root=1-6ab185b1-7f8b229a5b78c75c12349193;Parent=29743a1f4e2acf63;Sampled=0;Lineage=1:3cc2d273:0,
1790018994.713,create,201,973.22,Root=1-6ab185b3-3e286f4b29d822c21a91e202;Parent=792ee706cd55b063;Sampled=0;Lineage=1:3cc2d273:0,
1790018995.713,create,201,993.44,Root=1-6ab185b4-440ec7432ec357d92cd53dbe;Parent=537e8bb7d4fa0b1e;Sampled=0;Lineage=1:3cc2d273:0,
1790018996.713,get,200,614.17,Root=1-6ab185b5-5d8d830a27063f272429ddb7;Parent=4944802e2690cd76;Sampled=0;Lineage=1:3cc2d273:0,
1790018997.713,create,201,1004.02,Root=1-6ab185b6-16ded81416794c18088d79e6;Parent=7205e0a39c6e196a;Sampled=0;Lineage=1:3cc2d273:0,
1790018998.713,create,201,665.82,Root=1-6ab185b6-12bb54bc20b5d6a91e55087d;Parent=1b44392d0a703ee2;Sampled=0;Lineage=1:3cc2d273:0,
1790018999.713,create,201,911.46,Root=1-6ab185b8-12c729c63566063841809470;Parent=0363409546d091bc;Sampled=0;Lineage=1:3cc2d273:0,
1790019000.713,create,201,938.09,Root=1-6ab185b9-477f186922afb28571228174;Parent=19fb70c87237c0f1;Sampled=0;Lineage=1:3cc2d273:0,
1790019001.713,get,200,226.47,Root=1-6ab185b9-0a2478e83ebdae7c16890b24;Parent=29c439ef513a42c6;Sampled=0;Lineage=1:3cc2d273:0,
1790019002.713,create,201,957.25,Root=1-6ab185bb-290695db1968e570388fc66a;Parent=5a2343e15f885d1c;Sampled=0;Lineage=1:3cc2d273:0,
1790019003.713,create,201,885.9,Root=1-6ab185bc-469ec3923c65b524774c54f0;Parent=2de809d13638ad08;Sampled=0;Lineage=1:3cc2d273:0,
1790019004.713,create,201,701.35,Root=1-6ab185bc-012495b72cdcbe7b364aa0af;Parent=7364c2959e922519;Sampled=0;Lineage=1:3cc2d273:0,
1790019005.713,get,200,233.24,Root=1-6ab185bd-1351b2be3262aa6c16ae9386;Parent=796397ce29d941d0;Sampled=0;Lineage=1:3cc2d273:0,
1790019006.713,get,200,494.64,Root=1-6ab185bf-149a90b366ba85a9713df654;Parent=4fa9c0fdd0b629d7;Sampled=0;Lineage=1:3cc2d273:0,
1790019007.713,get,200,555.94,Root=1-6ab185c0-0ea4c2914897d3be304fabe8;Parent=372b9633be9ab5c8;Sampled=0;Lineage=1:3cc2d273:0,
1790019008.713,create,201,910.4,Root=1-6ab185c1-44b1c7191adbc53b6f820494;Parent=0b2d63f4231b738b;Sampled=0;Lineage=1:3cc2d273:0,
1790019009.713,create,201,929.55,Root=1-6ab185c2-5862d59d79b4d4c303f0aa81;Parent=16d479c83abf0834;Sampled=0;Lineage=1:3cc2d273:0,
1790019010.713,create,201,953.55,Root=1-6ab185c3-0eeebdeb5ccd8db8467af31d;Parent=5112679faec3c90a;Sampled=0;Lineage=1:3cc2d273:0,
1790019011.713,create,201,968.93,Root=1-6ab185c4-2b7fbf430b2f0f9b1648fefc;Parent=67ad129bc6b1ca9d;Sampled=0;Lineage=1:3cc2d273:0,
1790019012.713,create,201,652.51,Root=1-6ab185c4-5afd558a156926172144935d;Parent=7b69bfb0af0a9e2c;Sampled=0;Lineage=1:3cc2d273:0,
1790019013.713,create,201,901.0,Root=1-6ab185c6-49036e7d5f89364455b91c0b;Parent=6e7c745f52415bf6;Sampled=0;Lineage=1:3cc2d273:0,
1790019014.713,create,201,941.59,Root=1-6ab185c7-0836dc190097a1e72fbf5377;Parent=6944ce2f7810a713;Sampled=0;Lineage=1:3cc2d273:0,
1790019015.713,create,201,950.98,Root=1-6ab185c8-7014dd4a1a080ee124142721;Parent=38e29b8862c85c81;Sampled=0;Lineage=1:3cc2d273:0,
1790019016.713,create,201,686.4,Root=1-6ab185c8-19b4f1445ef6ecf54ff55c13;Parent=702b87fc8df16ba6;Sampled=0;Lineage=1:3cc2d273:0,
1790019017.713,create,201,1018.97,Root=1-6ab185ca-6c82d8c02e64538079bbc35e;Parent=1443a586f012c55b;Sampled=0;Lineage=1:3cc2d273:0,
1790019018.713,get,200,508.65,Root=1-6ab185cb-56a362cd0928acb063d0e93b;Parent=6a5399b4d2b43e42;Sampled=0;Lineage=1:3cc2d273:0,
1790019019.713,create,201,944.91,Root=1-6ab185cc-50584646435a021a67da0270;Parent=3e51dadb1541b2de;Sampled=0;Lineage=1:3cc2d273:0,
1790019020.713,create,201,638.1,Root=1-6ab185cc-7521a2ee52efe32c18507ce1;Parent=472172d18d551632;Sampled=0;Lineage=1:3cc2d273:0,
1790019021.713,create,201,916.02,Root=1-6ab185ce-6f5684122ad0459741da0186;Parent=0ad9217eeccf8967;Sampled=0;Lineage=1:3cc2d273:0,
1790019022.713,create,201,928.97,Root=1-6ab185cf-6ab116d11fd02f4656b496c5;Parent=74c37cb9286bec06;Sampled=0;Lineage=1:3cc2d273:0,
1790019023.713,get,200,248.5,Root=1-6ab185cf-3207fd8a24792aef598b39c7;Parent=34519f89814bbda5;Sampled=0;Lineage=1:3cc2d273:0,
1790019024.713,create,201,773.85,Root=1-6ab185d0-2332bb8b6cadd63d162e72a7;Parent=12183975ea331087;Sampled=0;Lineage=1:3cc2d273:0,
1790019025.713,create,201,1003.35,Root=1-6ab185d2-30e8e83a4c05c59c30ec6a55;Parent=60f974f2a3fd7347;Sampled=0;Lineage=1:3cc2d273:0,
1790019026.713,create,201,631.02,Root=1-6ab185d2-6ed650a44c197e7c1dd2ddb6;Parent=1d65a038f80e841d;Sampled=0;Lineage=1:3cc2d273:0,
1790019027.713,get,200,546.01,Root=1-6ab185d4-28c2ebba794f69eb2d9af927;Parent=4c075bbff26d35bb;Sampled=0;Lineage=1:3cc2d273:0,
1790019028.713,create,201,954.61,Root=1-6ab185d5-6cbfc0bf20d730592f0140bd;Parent=008861611e9209f3;Sampled=0;Lineage=1:3cc2d273:0,
1790019029.713,create,201,1008.81,Root=1-6ab185d6-618e381373fc9f1011198f98;Parent=59f27f66e644a552;Sampled=0;Lineage=1:3cc2d273:0,
1790019030.713,get,200,494.04,Root=1-6ab185d7-0aa0191a6921af7e212cfe5e;Parent=72f75d26194adc1a;Sampled=0;Lineage=1:3cc2d273:0,
1790019031.713,create,201,942.43,Root=1-6ab185d8-3927e87c1c7d159e67838a69;Parent=59343f6423338801;Sampled=0;Lineage=1:3cc2d273:0,
1790019032.713,create,201,912.14,Root=1-6ab185d9-7630270573b2cba71d99ca14;Parent=3dcb486a5acedb6a;Sampled=0;Lineage=1:3cc2d273:0,
1790019033.713,create,201,992.33,Root=1-6ab185da-37f9b9023621c14d239ed642;Parent=07cf7d8271331c0e;Sampled=0;Lineage=1:3cc2d273:0,
1790019034.713,create,201,1243.7,Root=1-6ab185db-1e155ebe093ff6237eb85dff;Parent=10ee647787559222;Sampled=0;Lineage=1:3cc2d273:0,
1790019035.713,create,201,737.45,Root=1-6ab185db-73732d246aa2639419f3c4bd;Parent=49651f46ded126e2;Sampled=0;Lineage=1:3cc2d273:0,
1790019036.713,create,201,847.18,Root=1-6ab185dd-0d1296e040e017c604183511;Parent=424bd7c59ad2c3ba;Sampled=0;Lineage=1:3cc2d273:0,
1790019037.713,create,201,877.21,Root=1-6ab185de-134727a048146a3d6a1cbed6;Parent=772b6d1a21171184;Sampled=0;Lineage=1:3cc2d273:0,
1790019038.713,create,201,913.23,Root=1-6ab185df-1d6f2a2721c215e578b6414b;Parent=348d95289eabd2c5;Sampled=0;Lineage=1:3cc2d273:0,
1790019039.713,create,201,1020.93,Root=1-6ab185e0-6a36cd7802df153120628612;Parent=1faaae0d8622e11c;Sampled=0;Lineage=1:3cc2d273:0,
1790019040.713,create,201,863.88,Root=1-6ab185e1-2f5d25ad2f9a9b7220e8b51c;Parent=64fb436a966765da;Sampled=0;Lineage=1:3cc2d273:0,
1790019041.713,get,200,480.1,Root=1-6ab185e2-4abe967657ce7c435512cd66;Parent=54515a83540b59f0;Sampled=0;Lineage=1:3cc2d273:0,
1790019042.713,create,201,839.98,Root=1-6ab185e3-3e80a07b715326d028a5c613;Parent=5c76d7cafc102350;Sampled=0;Lineage=1:3cc2d273:0,
1790019043.713,create,201,853.73,Root=1-6ab185e4-19bba45014a68f8d649f3929;Parent=16759c50a3451712;Sampled=0;Lineage=1:3cc2d273:0,
1790019044.713,create,201,650.56,Root=1-6ab185e4-1de5ab5e6027b3cf58fa1431;Parent=26e7068a370c4d9e;Sampled=0;Lineage=1:3cc2d273:0,
1790019045.713,create,201,669.82,Root=1-6ab185e5-379ea77d64afe29432018c75;Parent=7ccde3850f500207;Sampled=0;Lineage=1:3cc2d273:0,
1790019046.713,create,201,904.1,Root=1-6ab185e7-0334bc9970d2390d05a6509d;Parent=672f11915b9286e6;Sampled=0;Lineage=1:3cc2d273:0,
1790019047.713,create,201,927.26,Root=1-6ab185e8-7627f36e2289d6c7517bbf23;Parent=71dbadebfc3229c0;Sampled=0;Lineage=1:3cc2d273:0,
1790019048.713,create,201,955.74,Root=1-6ab185e9-329940f57cf834a178748590;Parent=0e07770edd54a80a;Sampled=0;Lineage=1:3cc2d273:0,
1790019049.713,get,200,539.24,Root=1-6ab185ea-2c2c17c34d47d70f72e764d2;Parent=6db8bc98d633a6b7;Sampled=0;Lineage=1:3cc2d273:0,
1790019050.713,create,201,842.41,Root=1-6ab185eb-706e0be516b85beb3f2a5d02;Parent=7ad3cd601d3e62bf;Sampled=0;Lineage=1:3cc2d273:0,
1790019051.713,create,201,1015.43,Root=1-6ab185ec-669ebee80b1bd5a642553d59;Parent=682c158b0fb40f38;Sampled=0;Lineage=1:3cc2d273:0,
1790019052.713,create,201,860.08,Root=1-6ab185ed-0b4503932afa7d8e38602584;Parent=7309bfea5b5d097e;Sampled=0;Lineage=1:3cc2d273:0,
1790019053.713,create,201,620.74,Root=1-6ab185ed-221497b13c2ef14f187e78dc;Parent=199a1faf6a04e286;Sampled=0;Lineage=1:3cc2d273:0,
1790019054.713,get,200,245.11,Root=1-6ab185ee-7a22e2e763190dbe459d3d3e;Parent=764d975bc89cb1a6;Sampled=0;Lineage=1:3cc2d273:0,
1790019055.713,create,201,813.93,Root=1-6ab185f0-653ce50d0afa0eda2bc7129e;Parent=73be12ef8121af04;Sampled=0;Lineage=1:3cc2d273:0,
1790019056.713,get,200,531.18,Root=1-6ab185f1-4a0c10975574df661467fb8a;Parent=55318fd2bdfcd8e6;Sampled=0;Lineage=1:3cc2d273:0,
1790019057.713,create,201,884.95,Root=1-6ab185f2-37cb0e14759cda9d771ea758;Parent=2e9a77011bf5e629;Sampled=0;Lineage=1:3cc2d273:0,
1790019058.713,create,201,831.91,Root=1-6ab185f3-2e22bc7b2e58aaf15aa3058a;Parent=735b8639b575d202;Sampled=0;Lineage=1:3cc2d273:0,
1790019059.713,create,201,862.52,Root=1-6ab185f4-54b0ff5922c2052a57e55714;Parent=6b94940a12bd3fd5;Sampled=0;Lineage=1:3cc2d273:0,
1790019060.713,create,201,883.57,Root=1-6ab185f5-2edcbb1c1b947b397ea956f5;Parent=0fc34de2d48d0937;Sampled=0;Lineage=1:3cc2d273:0,
1790019061.713,create,201,857.66,Root=1-6ab185f6-25cc03dd3dded45048c00d10;Parent=6ed01e4a0c5da23d;Sampled=0;Lineage=1:3cc2d273:0,
1790019062.713,create,201,662.52,Root=1-6ab185f6-32a7143f0652b1907085021a;Parent=159eed5176868ed0;Sampled=0;Lineage=1:3cc2d273:0,
1790019063.713,create,201,869.12,Root=1-6ab185f8-674b3cc15e63dcbd73bf0dc8;Parent=07080a0826c6d71a;Sampled=0;Lineage=1:3cc2d273:0,
1790019064.713,create,201,882.18,Root=1-6ab185f9-3e8381c82838352908e872a4;Parent=3322a722b8c89f59;Sampled=0;Lineage=1:3cc2d273:0,
1790019065.713,create,201,620.56,Root=1-6ab185f9-185bebda5df7085f1e137211;Parent=5027c9b3d746a537;Sampled=0;Lineage=1:3cc2d273:0,
1790019066.713,create,201,663.17,Root=1-6ab185fa-3644fbb669db3d3e730cb36a;Parent=1fc5650443010140;Sampled=0;Lineage=1:3cc2d273:0,
1790019067.713,create,201,1032.3,Root=1-6ab185fc-60b9833f04f873c84ba3354d;Parent=774f47779ffda9bd;Sampled=0;Lineage=1:3cc2d273:0,
1790019068.713,create,201,1009.35,Root=1-6ab185fd-432923232b1a594b253fef08;Parent=564243baad65289c;Sampled=0;Lineage=1:3cc2d273:0,
1790019069.713,get,200,495.99,Root=1-6ab185fe-2b0c56834ef706ca6c9f8712;Parent=679fe74f230a5bce;Sampled=0;Lineage=1:3cc2d273:0,
1790019070.713,create,201,1139.43,Root=1-6ab185ff-39f2c77d78a95b0f41ef232b;Parent=237c0fcab45476ae;Sampled=0;Lineage=1:3cc2d273:0,
1790019071.713,create,201,892.33,Root=1-6ab18600-68e806b16097be8c72e4a622;Parent=0c843f01721a6ad0;Sampled=0;Lineage=1:3cc2d273:0,
1790019072.713,create,201,574.16,Root=1-6ab18600-080481f747b3b8db2c2fda63;Parent=076d10ae6afcf2e0;Sampled=0;Lineage=1:3cc2d273:0,
1790019073.713,create,201,583.7,Root=1-6ab18601-3c00852e7bec49ff4f1fb184;Parent=70ad21af975b9e46;Sampled=0;Lineage=1:3cc2d273:0,
1790019074.713,create,201,600.4,Root=1-6ab18602-55a19ba9753c499a271f0569;Parent=1e9490d561931c34;Sampled=0;Lineage=1:3cc2d273:0,
1790019075.713,create,201,665.49,Root=1-6ab18603-3e49cca1139a201874a0a5e0;Parent=06ee9b8025b68617;Sampled=0;Lineage=1:3cc2d273:0,
1790019076.713,create,201,849.52,Root=1-6ab18605-2f87fb361ea4b48236020a56;Parent=32b04a901fc22a81;Sampled=0;Lineage=1:3cc2d273:0,
1790019077.713,create,201,834.28,Root=1-6ab18606-6767889472793a41311e5017;Parent=0b843cbf17843a3e;Sampled=0;Lineage=1:3cc2d273:0,
1790019078.713,create,201,918.61,Root=1-6ab18607-439cd0b0175225857fed9e07;Parent=4de6dfc0c4ed5304;Sampled=0;Lineage=1:3cc2d273:0,
1790019079.713,create,201,604.58,Root=1-6ab18607-4527965326a0d8a63bc598a1;Parent=05aa703d5aa29e94;Sampled=0;Lineage=1:3cc2d273:0,
1790019080.713,create,201,859.57,Root=1-6ab18609-7d68ad0c3c21791370f30c23;Parent=70eb6d0e8dcf4aff;Sampled=0;Lineage=1:3cc2d273:0,
1790019081.713,create,201,620.97,Root=1-6ab18609-0199234b3574f3f848137ed1;Parent=52bcbd82eedaeab8;Sampled=0;Lineage=1:3cc2d273:0,
1790019082.713,create,201,946.66,Root=1-6ab1860b-4fe0c6f807cdd73c7ffd4bf0;Parent=343e6ad63f3e25d9;Sampled=0;Lineage=1:3cc2d273:0,
1790019083.713,create,201,559.34,Root=1-6ab1860b-5d3351646a95fd1c4e4900c5;Parent=62d8c8d86e4c3cf1;Sampled=0;Lineage=1:3cc2d273:0,
1790019084.713,create,201,846.94,Root=1-6ab1860d-559c2d78666480e75e906d0a;Parent=2f744c5d5c84f71c;Sampled=0;Lineage=1:3cc2d273:0,
1790019085.713,create,201,858.14,Root=1-6ab1860e-541ef5bc34ab8baa43af09af;Parent=4c85e3e0d04cc3ca;Sampled=0;Lineage=1:3cc2d273:0,
1790019086.713,get,200,496.86,Root=1-6ab1860f-55d22b2921da8c027fb33511;Parent=4fd009d3497bf70d;Sampled=0;Lineage=1:3cc2d273:0,
1790019087.713,create,201,628.09,Root=1-6ab1860f-26c3f13071cb38ee536df10d;Parent=33ff380237a5022f;Sampled=0;Lineage=1:3cc2d273:0,
1790019088.713,create,201,576.96,Root=1-6ab18610-2314ecb2661353794a4dad2d;Parent=67d29f8905292579;Sampled=0;Lineage=1:3cc2d273:0,
1790019089.713,create,201,867.0,Root=1-6ab18612-3d9bf6eb0e728f060e7003bc;Parent=7e10582b507cf36b;Sampled=0;Lineage=1:3cc2d273:0,
1790019090.713,create,201,844.96,Root=1-6ab18613-3cb3827e5baf53a8592f008a;Parent=561fb642b6d341af;Sampled=0;Lineage=1:3cc2d273:0,
1790019091.713,cancel,200,635.83,Root=1-6ab18614-0483b3cd13c22bb22a2c3d6c;Parent=2d5e215ca4443291;Sampled=0;Lineage=1:3cc2d273:0,
1790019092.713,create,201,981.66,Root=1-6ab18615-52f7c0e755621f1003f08cc8;Parent=5887b275a035f71d;Sampled=0;Lineage=1:3cc2d273:0,
1790019093.713,create,201,908.84,Root=1-6ab18616-46d2fa5c78801a213f36793a;Parent=02017a755a30f17f;Sampled=0;Lineage=1:3cc2d273:0,
1790019094.713,cancel,200,725.59,Root=1-6ab18617-1f47c5c52cb055c54c599308;Parent=6d73ca37524596d0;Sampled=0;Lineage=1:3cc2d273:0,
1790019095.713,cancel,200,644.49,Root=1-6ab18618-06b9623163147796086e8b62;Parent=2b5f58b36b8f747e;Sampled=0;Lineage=1:3cc2d273:0,
1790019096.713,create,201,852.6,Root=1-6ab18619-1bc687b2647c7b4d4b04941c;Parent=72e7ffeea2d07bcf;Sampled=0;Lineage=1:3cc2d273:0,
1790019097.713,create,201,898.13,Root=1-6ab1861a-14eeee720edc8d2c2eaf5561;Parent=79f3baeff7e58b08;Sampled=0;Lineage=1:3cc2d273:0,
1790019098.713,create,201,922.82,Root=1-6ab1861b-3cb8fc892c0a783d4548f158;Parent=62d2676b3d21e705;Sampled=0;Lineage=1:3cc2d273:0,
1790019099.713,get,200,507.93,Root=1-6ab1861c-73e706432640520502c76c98;Parent=0a4de7d784fced3e;Sampled=0;Lineage=1:3cc2d273:0,
1790019100.713,create,201,837.45,Root=1-6ab1861d-70d6106124ba5d1330bf416e;Parent=71cfc0cbddc644ed;Sampled=0;Lineage=1:3cc2d273:0,
1790019101.713,create,201,594.77,Root=1-6ab1861d-39611a31051cc0fd0f50345c;Parent=3a47a01faf2a9542;Sampled=0;Lineage=1:3cc2d273:0,
1790019102.713,get,200,493.24,Root=1-6ab1861f-6cd94a60412f116852f38e02;Parent=2d2556b81c00d13c;Sampled=0;Lineage=1:3cc2d273:0,
1790019103.713,create,201,944.08,Root=1-6ab18620-6964a53c2a8e15b150422aa1;Parent=1bb19678b9d91cdf;Sampled=0;Lineage=1:3cc2d273:0,
1790019104.713,get,200,489.59,Root=1-6ab18621-09168a00337a54280e8bd795;Parent=2e68b47081f4cbc2;Sampled=0;Lineage=1:3cc2d273:0,
1790019105.713,create,201,872.87,Root=1-6ab18622-4fd050d32d4f39c004484cb8;Parent=132749556657e08d;Sampled=0;Lineage=1:3cc2d273:0,
1790019106.713,create,201,861.71,Root=1-6ab18623-377c52370a91327b4e7665d3;Parent=20e35bc0d2c0fa88;Sampled=0;Lineage=1:3cc2d273:0,
1790019107.713,create,201,836.85,Root=1-6ab18624-75ad561a17a15721743be06b;Parent=36842015682c6d28;Sampled=0;Lineage=1:3cc2d273:0,
1790019108.713,create,201,955.65,Root=1-6ab18625-60365a8e2e9ea25b32d973f4;Parent=523378d665e8f653;Sampled=0;Lineage=1:3cc2d273:0,
1790019109.713,create,201,878.59,Root=1-6ab18626-01162a0539a7702065f5fee4;Parent=7012e25dae276184;Sampled=0;Lineage=1:3cc2d273:0,
1790019110.713,create,201,891.18,Root=1-6ab18627-16a62e4e7917d88550bf82c9;Parent=3c38836067553bd9;Sampled=0;Lineage=1:3cc2d273:0,
1790019111.713,create,201,911.58,Root=1-6ab18628-1dbffe216287034513fbdb96;Parent=1f0babef82678d25;Sampled=0;Lineage=1:3cc2d273:0,
1790019112.713,create,201,633.13,Root=1-6ab18628-6e6e746d59467866441c22b1;Parent=6756c8d4fc608489;Sampled=0;Lineage=1:3cc2d273:0,
1790019113.713,create,201,882.42,Root=1-6ab1862a-6b93eac579c288e62985d16e;Parent=7492ea3924c008f7;Sampled=0;Lineage=1:3cc2d273:0,
1790019114.713,cancel,200,696.36,Root=1-6ab1862b-0c3c573353161bde5f94721d;Parent=32cc5989e1f933b0;Sampled=0;Lineage=1:3cc2d273:0,
1790019115.713,create,201,839.7,Root=1-6ab1862c-675b7eec7906892e25137a04;Parent=17c993ba32917fd3;Sampled=0;Lineage=1:3cc2d273:0,
1790019116.713,create,201,612.19,Root=1-6ab1862c-537e59fd65ccd10c571ee6f1;Parent=6b3da541271602d8;Sampled=0;Lineage=1:3cc2d273:0,
1790019117.713,create,201,949.78,Root=1-6ab1862e-19762fb3173d6c356380d297;Parent=300182b3472c78d8;Sampled=0;Lineage=1:3cc2d273:0,
1790019118.713,create,201,862.93,Root=1-6ab1862f-2ff4e02431a608df3440ba4f;Parent=0cd5c6cd0e4ec54c;Sampled=0;Lineage=1:3cc2d273:0,
1790019119.713,cancel,200,615.44,Root=1-6ab18630-6a24a2d5343006666f1ece0e;Parent=0692ebd2f2ff2635;Sampled=0;Lineage=1:3cc2d273:0,
1790019120.713,create,201,1091.46,Root=1-6ab18631-12302baa2ffc57237038acd8;Parent=46b4bd1f32416d1b;Sampled=0;Lineage=1:3cc2d273:0,
1790019121.713,create,201,961.3,Root=1-6ab18632-594a1e47679f212f094a2ea0;Parent=61def863cce77fc9;Sampled=0;Lineage=1:3cc2d273:0,
1790019122.713,create,201,893.03,Root=1-6ab18633-043e034372493c4e0be4d3bf;Parent=2168da96b87d1140;Sampled=0;Lineage=1:3cc2d273:0,
1790019123.713,create,201,906.91,Root=1-6ab18634-347d7feb3ee227811f7654fd;Parent=3c83e24d3f3f3618;Sampled=0;Lineage=1:3cc2d273:0,
1790019124.713,create,201,630.44,Root=1-6ab18634-41bd7fe913093ff00c8b6356;Parent=03cb07908d906519;Sampled=0;Lineage=1:3cc2d273:0,
1790019125.713,create,201,954.02,Root=1-6ab18636-409236ff2cc87fd850e0585b;Parent=2d564c4f7b4043a4;Sampled=0;Lineage=1:3cc2d273:0,
1790019126.713,create,201,658.43,Root=1-6ab18636-563b035a638eb17853cc7aea;Parent=117e8edaf6347c15;Sampled=0;Lineage=1:3cc2d273:0,
1790019127.713,create,201,582.1,Root=1-6ab18637-55a374a11ca83955658c8d61;Parent=3a583fe072ee1c23;Sampled=0;Lineage=1:3cc2d273:0,
1790019128.713,create,201,823.92,Root=1-6ab18639-648743c841c4449d67e3aa83;Parent=0650933cf2706640;Sampled=0;Lineage=1:3cc2d273:0,
1790019129.713,create,201,567.58,Root=1-6ab18639-1746d68242fecfaf7f5bcd47;Parent=0778a04cca80357e;Sampled=0;Lineage=1:3cc2d273:0,
1790019130.713,create,201,978.21,Root=1-6ab1863b-2dcb4ab70ea4e4ef6250ff25;Parent=2f1632d37c50fc5b;Sampled=0;Lineage=1:3cc2d273:0,
1790019131.713,get,200,486.7,Root=1-6ab1863c-2f8cfe143aa9f0513391cca5;Parent=0f70bc5bb6c40a20;Sampled=0;Lineage=1:3cc2d273:0,
1790019132.713,create,201,607.73,Root=1-6ab1863c-63a679b724c45c4370b26e17;Parent=676dd10dfb6fb0a6;Sampled=0;Lineage=1:3cc2d273:0,
1790019133.713,create,201,891.05,Root=1-6ab1863e-18902d7511c8818663fa7648;Parent=1644fe0cf348d19d;Sampled=0;Lineage=1:3cc2d273:0,
1790019134.713,create,201,869.25,Root=1-6ab1863f-0a6caebb6c22543d638c20b9;Parent=16f632cf8e6116d5;Sampled=0;Lineage=1:3cc2d273:0,
1790019135.713,create,201,887.73,Root=1-6ab18640-16f073355dadbd537fc7b7b5;Parent=29c7463cde78cbd8;Sampled=0;Lineage=1:3cc2d273:0,
1790019136.713,create,201,884.04,Root=1-6ab18641-09dfc642442ad94f238e62d1;Parent=5af27d4911ba9efb;Sampled=0;Lineage=1:3cc2d273:0,
1790019137.713,create,201,605.69,Root=1-6ab18641-1ed4b3a616f6e4075f2a6e37;Parent=49c6fb504bb1f3a2;Sampled=0;Lineage=1:3cc2d273:0,
1790019138.713,create,201,763.65,Root=1-6ab18642-03c2f6891ee91f3b1c84f969;Parent=2b1602fe76a68c58;Sampled=0;Lineage=1:3cc2d273:0,
1790019139.713,create,201,912.37,Root=1-6ab18644-63aeaab95438c8212e8651fa;Parent=62f408ab5d4f6412;Sampled=0;Lineage=1:3cc2d273:0,
1790019140.713,create,201,570.69,Root=1-6ab18644-2744e83c3fa250f7370ce66d;Parent=00c13aa8c5085b64;Sampled=0;Lineage=1:3cc2d273:0,
1790019141.713,create,201,885.14,Root=1-6ab18646-22ef08bd0e584251525c4ea4;Parent=5afd4b5b4d97fa58;Sampled=0;Lineage=1:3cc2d273:0,
1790019142.713,create,201,959.96,Root=1-6ab18647-2f2d7b375a491cac51b046d6;Parent=017a73465e570471;Sampled=0;Lineage=1:3cc2d273:0,
1790019143.713,create,201,860.82,Root=1-6ab18648-65524f6a5600130d26d0c320;Parent=066ec1218213f295;Sampled=0;Lineage=1:3cc2d273:0,
1790019144.713,get,200,509.04,Root=1-6ab18649-048da92c43fa88020f6385c4;Parent=294acf0911641c8a;Sampled=0;Lineage=1:3cc2d273:0,
1790019145.713,create,201,930.22,Root=1-6ab1864a-49dbab9f0c9043cd407eb6a4;Parent=6e770c91eb17fac1;Sampled=0;Lineage=1:3cc2d273:0,
1790019146.713,create,201,639.71,Root=1-6ab1864a-45854cf61335c0d805878c46;Parent=3182876d1015b9e0;Sampled=0;Lineage=1:3cc2d273:0,
1790019147.713,get,200,508.17,Root=1-6ab1864c-49abd6411ad050782486c5ef;Parent=68e2f1c69ae283a4;Sampled=0;Lineage=1:3cc2d273:0,
1790019148.713,create,201,841.85,Root=1-6ab1864d-5e5142196d9b361f40d94433;Parent=0e891b6a4fd043a1;Sampled=0;Lineage=1:3cc2d273:0,
1790019149.713,get,200,510.66,Root=1-6ab1864e-565db43d5e3a23dd4b80ffc5;Parent=5854d241d92214a4;Sampled=0;Lineage=1:3cc2d273:0,
1790019150.713,create,201,900.26,Root=1-6ab1864f-31f28735480d3b6b3a50a672;Parent=470a0f9e58b6f752;Sampled=0;Lineage=1:3cc2d273:0,
1790019151.713,get,200,507.75,Root=1-6ab18650-606f949851c0201a0a3d93ff;Parent=727f2e2552186705;Sampled=0;Lineage=1:3cc2d273:0,
1790019152.713,create,201,883.11,Root=1-6ab18651-791854f027828e046934c98d;Parent=6fd63b6d339878ec;Sampled=0;Lineage=1:3cc2d273:0,
1790019153.713,create,201,809.4,Root=1-6ab18651-7db1008d52c77ce945129193;Parent=7fd12eab10c5f6da;Sampled=0;Lineage=1:3cc2d273:0,
1790019154.713,get,200,226.2,Root=1-6ab18652-761830814c0687c349adec7b;Parent=5c9c778788733c9a;Sampled=0;Lineage=1:3cc2d273:0,
1790019155.713,get,200,552.06,Root=1-6ab18654-6b88bd715eaf137905a8527d;Parent=74cae05e4ece220d;Sampled=0;Lineage=1:3cc2d273:0,
1790019156.713,create,201,625.34,Root=1-6ab18654-5490f8353e223a091e7453de;Parent=2e757bec8b9ae1d5;Sampled=0;Lineage=1:3cc2d273:0,
1790019157.713,cancel,200,395.53,Root=1-6ab18655-66d717184db6112c36a174d9;Parent=5bf6d86c8005f0d0;Sampled=0;Lineage=1:3cc2d273:0,
1790019158.713,create,201,606.67,Root=1-6ab18656-441b771125f76ce808f69106;Parent=2d5acbe64e807fc3;Sampled=0;Lineage=1:3cc2d273:0,
1790019159.713,create,201,846.55,Root=1-6ab18658-1600107f0d1320117389b01c;Parent=53ea85317d809f25;Sampled=0;Lineage=1:3cc2d273:0,
1790019160.713,create,201,881.3,Root=1-6ab18659-2fc8c57b39d13cda3ced4801;Parent=282e4b13f87aa6cd;Sampled=0;Lineage=1:3cc2d273:0,
1790019161.713,create,201,832.77,Root=1-6ab1865a-0ea44bd20a1b9c757215c482;Parent=1d0a1c6169408f34;Sampled=0;Lineage=1:3cc2d273:0,
1790019162.713,create,201,891.98,Root=1-6ab1865b-56546c297875426f260dfbc7;Parent=081e97ef2e91fcae;Sampled=0;Lineage=1:3cc2d273:0,
1790019163.713,create,201,638.32,Root=1-6ab1865b-3ca698824ea7f4486d3eb9ea;Parent=31c1a6b28e48e0a0;Sampled=0;Lineage=1:3cc2d273:0,
1790019164.713,create,201,925.11,Root=1-6ab1865d-5c2e5df54cfc87e64478d56c;Parent=2af7453645f79737;Sampled=0;Lineage=1:3cc2d273:0,
1790019165.713,cancel,200,689.2,Root=1-6ab1865e-4b814c1235e3c87442e6c55e;Parent=5d78df5adf22bb04;Sampled=0;Lineage=1:3cc2d273:0,
1790019166.713,create,201,884.04,Root=1-6ab1865f-2ad92add1b69647c3355c19b;Parent=3d2860bc391d923c;Sampled=0;Lineage=1:3cc2d273:0,
1790019167.713,create,201,562.52,Root=1-6ab1865f-482b61e470bd4c3c531ee7df;Parent=7d836c2a586013e7;Sampled=0;Lineage=1:3cc2d273:0,
1790019168.713,create,201,583.4,Root=1-6ab18660-260397be379a0c127ecacfb6;Parent=67669770c015f293;Sampled=0;Lineage=1:3cc2d273:0,
1790019169.713,get,200,500.61,Root=1-6ab18662-1e8d97ec56c8c81239f34625;Parent=4deca9acba97c7f3;Sampled=0;Lineage=1:3cc2d273:0,
1790019170.713,create,201,916.69,Root=1-6ab18663-1537bf2042f35726027cae6c;Parent=33fb9a937e465868;Sampled=0;Lineage=1:3cc2d273:0,
1790019171.713,create,201,883.61,Root=1-6ab18664-4ebd1fed4a51bac90e0d3ee8;Parent=23cf8cd2ff3ba65b;Sampled=0;Lineage=1:3cc2d273:0,
1790019172.713,create,201,593.15,Root=1-6ab18664-68064214568e29964527a8db;Parent=74706ba176c07266;Sampled=0;Lineage=1:3cc2d273:0,
1790019173.713,create,201,981.63,Root=1-6ab18666-2510024430f91a1f6ba7b1c0;Parent=1af663a0782653ff;Sampled=0;Lineage=1:3cc2d273:0,
1790019174.713,create,201,910.82,Root=1-6ab18667-3a854645730308747d1b99ba;Parent=7ea5e80cf6177370;Sampled=0;Lineage=1:3cc2d273:0,
1790019175.713,create,201,863.11,Root=1-6ab18668-5010a46b34e053cf18b473f8;Parent=22dd73fd31228bb6;Sampled=0;Lineage=1:3cc2d273:0,
1790019176.713,create,201,863.9,Root=1-6ab18669-0ed005216c7979a33fd0acfc;Parent=7e441c48ca8995ee;Sampled=0;Lineage=1:3cc2d273:0,
1790019177.713,get,200,574.16,Root=1-6ab1866a-2069f5dc200541af1a6a34a4;Parent=0fb93630ea7ed646;Sampled=0;Lineage=1:3cc2d273:0,
1790019178.713,create,201,859.88,Root=1-6ab1866b-72f3ef770d054f345de448a8;Parent=1f2c01ad1fd0e4a9;Sampled=0;Lineage=1:3cc2d273:0,
1790019179.713,get,200,513.26,Root=1-6ab1866c-4e89d8c72002575457323147;Parent=4f09d94f87a7b551;Sampled=0;Lineage=1:3cc2d273:0,
1790019180.713,get,200,534.35,Root=1-6ab1866d-0f9a0dce4b52ea517bd2cdf5;Parent=794cf2d03e97c46b;Sampled=0;Lineage=1:3cc2d273:0,
1790019181.713,create,201,883.87,Root=1-6ab1866e-46e4fa1c4890b1bd0ad40f93;Parent=61fa7758a9ea804c;Sampled=0;Lineage=1:3cc2d273:0,
1790019182.713,create,201,893.6,Root=1-6ab1866f-15ea49cd3867015d37689efb;Parent=33b9d52d0b064e65;Sampled=0;Lineage=1:3cc2d273:0,
1790019183.713,create,201,849.83,Root=1-6ab18670-4743b46464c2732453e8aca8;Parent=6c79f44dfbc78e7d;Sampled=0;Lineage=1:3cc2d273:0,
1790019184.713,create,201,888.42,Root=1-6ab18671-72606f895426275b4f7b08a8;Parent=63d7dd3be3ecc9c8;Sampled=0;Lineage=1:3cc2d273:0,
1790019185.713,create,201,962.06,Root=1-6ab18672-480d8d7578e84e4201c5a815;Parent=1124122d4e8598cf;Sampled=0;Lineage=1:3cc2d273:0,
1790019186.713,get,200,583.22,Root=1-6ab18673-6016553c24008984605ebba5;Parent=4c247bec717a3a9f;Sampled=0;Lineage=1:3cc2d273:0,
1790019187.713,cancel,200,619.68,Root=1-6ab18674-2e1b72777e4caaea1d71a073;Parent=21d353b5096e8ee2;Sampled=0;Lineage=1:3cc2d273:0,
1790019188.713,create,201,949.41,Root=1-6ab18675-4ff9843969de278019c06f7a;Parent=505bddc1b41ccbe4;Sampled=0;Lineage=1:3cc2d273:0,
1790019189.713,create,201,849.96,Root=1-6ab18676-7ed272db75d2730a3c137f0c;Parent=6cef7968a26478a7;Sampled=0;Lineage=1:3cc2d273:0,
1790019190.713,get,200,231.07,Root=1-6ab18676-6e8353fb017d535b4a607b30;Parent=297ce7279cd923f0;Sampled=0;Lineage=1:3cc2d273:0,
1790019191.713,get,200,510.12,Root=1-6ab18678-319840bc4f180fa728a819c1;Parent=1ae1f50664f8e145;Sampled=0;Lineage=1:3cc2d273:0,
1790019192.713,create,201,801.03,Root=1-6ab18679-20c87eee770f069e796acf8a;Parent=1667d3402ed6980c;Sampled=0;Lineage=1:3cc2d273:0,
1790019193.713,create,201,1006.9,Root=1-6ab1867a-648071f45ca697573a4ff5a2;Parent=48024ae2c75dffd4;Sampled=0;Lineage=1:3cc2d273:0,
1790019194.713,create,201,909.02,Root=1-6ab1867b-5db1f44a4305e1a21d816ef3;Parent=6c6fe0128944bc94;Sampled=0;Lineage=1:3cc2d273:0,
1790019195.713,create,201,1005.46,Root=1-6ab1867c-4e61d6d413782486621f523d;Parent=0a510384de065cad;Sampled=0;Lineage=1:3cc2d273:0,
1790019196.713,create,201,919.79,Root=1-6ab1867d-55e17bae3226d5d62ea25e2b;Parent=4c1ac6f8b2c69cdc;Sampled=0;Lineage=1:3cc2d273:0,
1790019197.713,create,201,880.04,Root=1-6ab1867e-3303fe1d7a65070f3befc435;Parent=6be2a14c153d2d9b;Sampled=0;Lineage=1:3cc2d273:0,
1790019198.713,get,200,565.06,Root=1-6ab1867f-4056fed91ce11b96504173b7;Parent=2f0716ff297ee510;Sampled=0;Lineage=1:3cc2d273:0,
1790019199.713,create,201,992.41,Root=1-6ab18680-018ca8fe1ecbfa55215367bb;Parent=0081ba54ed23cef2;Sampled=0;Lineage=1:3cc2d273:0,
1790019200.713,create,201,824.43,Root=1-6ab18681-7a7f34c932a877c168afbf8e;Parent=328cfe02ae996c4e;Sampled=0;Lineage=1:3cc2d273:0,
1790019201.713,create,201,942.69,Root=1-6ab18682-448f46e313b3d3111ce44ddd;Parent=41999c12b6616576;Sampled=0;Lineage=1:3cc2d273:0,
1790019202.713,create,201,629.44,Root=1-6ab18682-1b776b0c6a9a760b1bd1a0ea;Parent=0ead8df172504d29;Sampled=0;Lineage=1:3cc2d273:0,
1790019203.713,create,201,862.81,Root=1-6ab18684-45446e590b3b33d2710bcf8f;Parent=063434d00df0da8c;Sampled=0;Lineage=1:3cc2d273:0,
1790019204.713,create,201,591.64,Root=1-6ab18684-4dd810e37c25a41b197afdc4;Parent=68e72cb0b4416217;Sampled=0;Lineage=1:3cc2d273:0,
1790019205.713,create,201,931.17,Root=1-6ab18686-11dae8824df4711f460a3aaa;Parent=77f4143f826a5ffd;Sampled=0;Lineage=1:3cc2d273:0,
1790019206.713,create,201,955.76,Root=1-6ab18687-5661666e5cca794379b41b83;Parent=04c8427ae43caf93;Sampled=0;Lineage=1:3cc2d273:0,
1790019207.713,create,201,842.0,Root=1-6ab18688-4bbeccc93d3ce1bb4099f045;Parent=6af499e547b9d343;Sampled=0;Lineage=1:3cc2d273:0,
1790019208.713,create,201,858.56,Root=1-6ab18689-59cad1f4780f9c6f5f4c9946;Parent=1db0ea294ba4c7d2;Sampled=0;Lineage=1:3cc2d273:0,
1790019209.713,create,201,1117.11,Root=1-6ab1868a-7f0399ca558a7db402d130e6;Parent=2b1c5b5eef5d0ef8;Sampled=0;Lineage=1:3cc2d273:0,
1790019210.713,create,201,952.76,Root=1-6ab1868b-0f2c8481538f4f413bce2bb6;Parent=242842508fa396b2;Sampled=0;Lineage=1:3cc2d273:0,
1790019211.713,create,201,972.67,Root=1-6ab1868c-3a3eb4aa6130c64a60965f11;Parent=73c529bfcf612713;Sampled=0;Lineage=1:3cc2d273:0,
1790019212.713,create,201,628.61,Root=1-6ab1868c-4ff595c219f5d429120daced;Parent=0a84f41385b2a537;Sampled=0;Lineage=1:3cc2d273:0,
1790019213.713,create,201,839.57,Root=1-6ab1868e-019beb933654f6df6b598eef;Parent=62455e221f33c519;Sampled=0;Lineage=1:3cc2d273:0,
1790019214.713,create,201,585.03,Root=1-6ab1868e-64abfb7708753f740221850f;Parent=76da05f19b0fdb2d;Sampled=0;Lineage=1:3cc2d273:0,
1790019215.713,create,201,823.91,Root=1-6ab18690-2ac8d4f55e826dbd2155f69a;Parent=2d4a9b9e436ded88;Sampled=0;Lineage=1:3cc2d273:0,
1790019216.713,create,201,855.54,Root=1-6ab18691-39c40b1c7003c8381bc3f496;Parent=227d3dcf4affa91f;Sampled=0;Lineage=1:3cc2d273:0,
1790019217.713,create,201,826.5,Root=1-6ab18692-724ffb0e3cbc8231531cf69d;Parent=78568095d56203cc;Sampled=0;Lineage=1:3cc2d273:0,
1790019218.713,get,200,505.31,Root=1-6ab18693-769834b276c7e25864bc432b;Parent=746421e87879929b;Sampled=0;Lineage=1:3cc2d273:0,
1790019219.713,create,201,862.69,Root=1-6ab18694-0010c392785005380d323ca1;Parent=76ef70becf477b3f;Sampled=0;Lineage=1:3cc2d273:0,
1790019220.713,cancel,200,323.38,Root=1-6ab18694-3382d5ec6023864548a75fc7;Parent=227003a2ddc88bbd;Sampled=0;Lineage=1:3cc2d273:0,
1790019221.713,create,201,603.9,Root=1-6ab18695-6b7ba44a4387752f14dff390;Parent=64b3a89561392ece;Sampled=0;Lineage=1:3cc2d273:0,
1790019222.713,create,201,937.83,Root=1-6ab18697-1fb914b06c2f59e24d22d110;Parent=36f42dae803071da;Sampled=0;Lineage=1:3cc2d273:0,
1790019223.713,create,201,878.59,Root=1-6ab18698-77511e1f40cc8de70885637e;Parent=2f16bf3b1eb07219;Sampled=0;Lineage=1:3cc2d273:0,
1790019224.713,get,200,574.62,Root=1-6ab18699-1034a99033f0056131da160e;Parent=458437f60e072b2e;Sampled=0;Lineage=1:3cc2d273:0,
1790019225.713,create,201,694.1,Root=1-6ab18699-435bf79d23a555df4f0feff6;Parent=4c9c5a3e1e0e7c68;Sampled=0;Lineage=1:3cc2d273:0,
1790019226.713,create,201,922.83,Root=1-6ab1869b-6206a9ca26cb13c442ca0a93;Parent=5ab28bb7c87dd079;Sampled=0;Lineage=1:3cc2d273:0,
1790019227.713,create,201,559.6,Root=1-6ab1869b-194e07067b489f632407c0ec;Parent=61c6f05d5def74c3;Sampled=0;Lineage=1:3cc2d273:0,
1790019228.713,create,201,883.82,Root=1-6ab1869d-442f6bd40ef028a23ff99055;Parent=763646c0e56f7ba0;Sampled=0;Lineage=1:3cc2d273:0,
1790019229.713,cancel,200,585.46,Root=1-6ab1869e-54031a4f2b1e3ccf070d6e2a;Parent=415336db06653bdf;Sampled=0;Lineage=1:3cc2d273:0,
1790019230.713,create,201,617.16,Root=1-6ab1869e-2709ca9c1e72c6c165948102;Parent=6c4fa04e68e2b7e7;Sampled=0;Lineage=1:3cc2d273:0,
1790019231.713,create,201,946.86,Root=1-6ab186a0-579bc9f72858037f4168d6c3;Parent=32119f3d03aae142;Sampled=0;Lineage=1:3cc2d273:0,
1790019232.713,create,201,865.83,Root=1-6ab186a1-514ef15670b3154d3f54f08e;Parent=3dfbcdb41ae4bf7e;Sampled=0;Lineage=1:3cc2d273:0,
1790019233.713,create,201,875.88,Root=1-6ab186a2-5d1bd7fc28a8fc632e57bd0e;Parent=09b8fe83657289ea;Sampled=0;Lineage=1:3cc2d273:0,
1790019234.713,create,201,580.77,Root=1-6ab186a2-609b09e70311c6777f8d6f6c;Parent=2d7f2cc535f8b6a5;Sampled=0;Lineage=1:3cc2d273:0,
1790019235.713,create,201,944.39,Root=1-6ab186a4-351f58ff1b288b00523b880e;Parent=3bc183d7479768c5;Sampled=0;Lineage=1:3cc2d273:0,
1790019236.713,get,200,500.58,Root=1-6ab186a5-0d1c5a024f967e6068a3b272;Parent=7133d743239c398b;Sampled=0;Lineage=1:3cc2d273:0,
1790019237.713,create,201,885.23,Root=1-6ab186a6-06ff9dac00389cb36026a2c0;Parent=4d78fe2a9f971411;Sampled=0;Lineage=1:3cc2d273:0,
1790019238.713,create,201,909.29,Root=1-6ab186a7-326efa38540ed3cc375d65bc;Parent=1a7a1a77642b5029;Sampled=0;Lineage=1:3cc2d273:0,
1790019239.713,create,201,931.47,Root=1-6ab186a8-0dd39463662a9f3315709c58;Parent=30d06f58ca4e0ca2;Sampled=0;Lineage=1:3cc2d273:0,
1790019240.713,get,200,552.5,Root=1-6ab186a9-43362d8853f554f555ec6dae;Parent=65ad916952f57fd1;Sampled=0;Lineage=1:3cc2d273:0,
1790019241.713,create,201,859.46,Root=1-6ab186aa-268e7ae519b6302b070c7880;Parent=052631a7b7b581d4;Sampled=0;Lineage=1:3cc2d273:0,
1790019242.713,create,201,864.24,Root=1-6ab186ab-72d302c82b5e44f22d4ed7ef;Parent=1416d2f27540f4b1;Sampled=0;Lineage=1:3cc2d273:0,
1790019243.713,create,201,1065.76,Root=1-6ab186ac-75bd25970ee3d0ca0d1e3322;Parent=2876ed2d447d9c52;Sampled=0;Lineage=1:3cc2d273:0,
1790019244.713,create,201,903.37,Root=1-6ab186ad-10298c721d18b5164305ee7a;Parent=74d365a63ff22d53;Sampled=0;Lineage=1:3cc2d273:0,
1790019245.713,create,201,979.21,Root=1-6ab186ae-4effaa772fd02436788c482b;Parent=7dfa91393a0e2038;Sampled=0;Lineage=1:3cc2d273:0,
1790019246.713,create,201,895.91,Root=1-6ab186af-351d734e52f51f6a32388079;Parent=63dc6917f3c8f4ed;Sampled=0;Lineage=1:3cc2d273:0,
1790019247.713,create,201,874.01,Root=1-6ab186b0-1e65aff739fc705759ff08a8;Parent=484d54180a8f17c9;Sampled=0;Lineage=1:3cc2d273:0,
1790019248.713,create,201,860.07,Root=1-6ab186b1-439d624e57b510d80d959f35;Parent=5e71323d4af89b86;Sampled=0;Lineage=1:3cc2d273:0,
1790019249.713,create,201,869.22,Root=1-6ab186b2-3efa6edc6bcf8430797f0da8;Parent=41e37dab3270ec8d;Sampled=0;Lineage=1:3cc2d273:0,
1790019250.713,create,201,892.9,Root=1-6ab186b3-40787d0d1b437ca113d7f74d;Parent=3b7bfe9ab2db8d50;Sampled=0;Lineage=1:3cc2d273:0,
1790019251.713,create,201,578.24,Root=1-6ab186b3-164e41262e9e153a50edd45b;Parent=34644a06009551b0;Sampled=0;Lineage=1:3cc2d273:0,
1790019252.713,create,201,940.07,Root=1-6ab186b5-48df0ef31ab627592a173e1a;Parent=678775bff542ac25;Sampled=0;Lineage=1:3cc2d273:0,
1790019253.713,get,200,556.24,Root=1-6ab186b6-69ef10ad3d029a141d3458ea;Parent=054e11d1a5cf0636;Sampled=0;Lineage=1:3cc2d273:0,
1790019254.713,create,201,882.12,Root=1-6ab186b7-7870aebb2c514f026567b41c;Parent=26766a075b499135;Sampled=0;Lineage=1:3cc2d273:0,
1790019255.713,create,201,599.8,Root=1-6ab186b7-4a17a2d8654002ce3235fb2b;Parent=32a034a4fc935bc7;Sampled=0;Lineage=1:3cc2d273:0,
1790019256.713,create,201,856.88,Root=1-6ab186b9-48462d28713049955090adfd;Parent=3f691c73baa8ec86;Sampled=0;Lineage=1:3cc2d273:0,
1790019257.713,create,201,862.41,Root=1-6ab186ba-5716864b07b225dc201cbbd7;Parent=3d515822420954b0;Sampled=0;Lineage=1:3cc2d273:0,
1790019258.713,create,201,865.88,Root=1-6ab186bb-134a7e662bc5fdbc235c58fc;Parent=106c8070217bdba0;Sampled=0;Lineage=1:3cc2d273:0,
1790019259.713,get,200,479.13,Root=1-6ab186bc-1ea17b915e47093c055311e7;Parent=797e7a5f763d87ec;Sampled=0;Lineage=1:3cc2d273:0,
1790019260.713,create,201,619.0,Root=1-6ab186bc-0e82767a290ccda063b47230;Parent=6ece74b9bd433d23;Sampled=0;Lineage=1:3cc2d273:0,
1790019261.713,create,201,864.74,Root=1-6ab186be-79644402336fdadb03fa4427;Parent=3532d39ead62a536;Sampled=0;Lineage=1:3cc2d273:0,
1790019262.713,create,201,873.7,Root=1-6ab186bf-61aaeaa05497fa4e3fae1185;Parent=2070a8c87e7bf6ee;Sampled=0;Lineage=1:3cc2d273:0,
1790019263.713,create,201,866.87,Root=1-6ab186c0-16c0233a6fd2fc0635337436;Parent=647195732f3d240a;Sampled=0;Lineage=1:3cc2d273:0,
1790019264.713,get,200,488.92,Root=1-6ab186c1-1a4664fc436ce8185c61d62a;Parent=3c370d96680572de;Sampled=0;Lineage=1:3cc2d273:0,
1790019265.713,create,201,942.58,Root=1-6ab186c2-47056816502e431a037940c9;Parent=260f4c5f4b5824db;Sampled=0;Lineage=1:3cc2d273:0,
1790019266.713,create,201,872.61,Root=1-6ab186c3-7be2ec08432f23fd5951f180;Parent=141d2876a27af027;Sampled=0;Lineage=1:3cc2d273:0,
1790019267.713,create,201,621.12,Root=1-6ab186c3-69691d566eb7efe82b910057;Parent=28c7736f776a02c0;Sampled=0;Lineage=1:3cc2d273:0,
1790019268.713,create,201,603.39,Root=1-6ab186c4-6e7976be429d24a540c944b3;Parent=00d32110de10a886;Sampled=0;Lineage=1:3cc2d273:0,
1790019269.713,create,201,933.29,Root=1-6ab186c6-4b7d10ec5f58c42c035d302e;Parent=2042e2968a2ff67d;Sampled=0;Lineage=1:3cc2d273:0,
