run_id,campaign,arm,load_profile,fault_mode,visibility_timeout,max_receive_count,batch_size,delivery_delay,repeat,loss_rate,duplicate_rate,dlq_capture_rate,success_rate,stranded_rate,recovery_time_s,recovery_time_visible_s,throughput_msg_s,latency_p50_s,latency_p95_s,usd_total
063f2165-4860-5497-9fe5-7a040f400494,A_vt_consumer_kill,queue,normal,consumer_kill,300,5,10,0,1,0.0,0.07027777777777777,0.0,1.0,0.0,300.0,0.0,8.594140844256199,0.8019415817372817,300.83628756315477,0.011726385403435749
07bf2627-8167-57f3-bfc1-d94415125063,A_vt_consumer_kill,queue,normal,consumer_kill,30,5,10,0,4,0.0,0.1063888888888889,0.0,1.0,0.0,30.0,35.0,20.41894841285318,0.9561140580884953,61.33357891669486,0.011753141340431482
1d02d36f-3059-5345-a723-50a7e9b9af4e,A_vt_consumer_kill,queue,normal,consumer_kill,60,5,10,0,4,0.0,0.07166666666666667,0.0,1.0,0.0,60.0,0.0,19.70621010600604,0.8725726386496682,61.19076861994757,0.011528507746731035
1efc7788-dd8e-5d74-afc2-6e5e749c5782,A_vt_consumer_kill,queue,normal,consumer_kill,120,5,10,0,1,0.0,0.07444444444444444,0.0,1.0,0.0,120.0,0.0,15.024369136583086,0.8420362940900361,120.88586818811216,0.011702764169638736
1fc21ba9-f827-5e51-9695-8c54b0d18c6b,A_vt_consumer_kill,queue,normal,consumer_kill,60,5,10,0,3,0.0,0.07305555555555555,0.0,1.0,0.0,60.0,0.0,19.5020153813756,0.9822248228554205,61.15603484254798,0.011489403890064252
240d728e-cbf4-57b3-9e44-31b75429598e,A_vt_consumer_kill,queue,normal,consumer_kill,120,5,10,0,0,0.0,0.07722222222222222,0.0,1.0,0.0,120.0,0.0,15.063045576687298,0.7990156665054684,121.02724560775032,0.01174967003768529
2c7eb704-c0cd-5890-92a2-2c443250a3ca,A_vt_consumer_kill,queue,normal,consumer_kill,30,5,10,0,3,0.0,0.11333333333333333,0.0,1.0,0.0,40.0,40.0,19.859962735277467,0.9736862400394628,61.2801206178283,0.011837469476828594
2c97156c-95af-5f4b-b2dd-906890166749,A_vt_consumer_kill,queue,normal,consumer_kill,60,5,10,0,3,0.0,0.07305555555555555,0.0,1.0,0.0,60.0,0.0,19.5020153813756,0.9822248228554205,61.15603484254798,0.011489403890064252
2e2ab015-fbae-5211-b433-f34f389fa14c,A_vt_consumer_kill,queue,normal,consumer_kill,30,5,10,0,2,0.0,0.10333333333333333,0.0,1.0,0.0,35.0,10.0,19.298551259158117,0.8423358747399661,61.22680827142513,0.011721019024598508
2e46e512-a9ce-5cd3-9a61-e649b20bff9a,A_vt_consumer_kill,queue,normal,consumer_kill,30,5,10,0,0,0.0,0.1238888888888889,0.0,1.0,0.0,30.0,5.0,20.007988039029353,1.0268852520423337,62.23995618087165,0.011912588216319912
30ea4b73-cd3e-5435-b038-bec634699a73,A_vt_consumer_kill,queue,normal,consumer_kill,300,5,10,0,0,0.0,0.0811111111111111,0.0,1.0,0.0,300.0,0.0,8.590321533150572,0.829300717048362,300.9563263673224,0.011863686392590035
350d431c-4d74-5bff-90dc-57234f40cf08,A_vt_consumer_kill,queue,normal,consumer_kill,600,5,10,0,1,0.0,0.06944444444444445,0.0,1.0,0.0,600.0,0.0,5.009890764360424,0.8114736224953747,601.0121373774382,0.011753026271976079
3f4f8773-5a97-5049-ad83-47a6f281a0bd,A_vt_consumer_kill,queue,normal,consumer_kill,300,5,10,0,0,0.0,0.0811111111111111,0.0,1.0,0.0,300.0,0.0,8.590321533150572,0.829300717048362,300.9563263673224,0.011863686392590035
40d5309c-bc7c-5668-b209-6323ebe2ada7,A_vt_consumer_kill,queue,normal,consumer_kill,120,5,10,0,4,0.0,0.06972222222222223,0.0,1.0,0.0,120.0,0.0,15.047888826198031,0.8737836766870402,121.04667331778874,0.011700639122997663
479904e8-d887-5fd2-81a5-808d33f41f7e,A_vt_consumer_kill,queue,normal,consumer_kill,60,5,10,0,0,0.0,0.0775,0.0,1.0,0.0,60.0,40.0,20.122678054354427,0.863305276063496,61.212232950267435,0.011413395341595836
4f1d1187-0c63-5114-9148-0bcd253c3cce,A_vt_consumer_kill,queue,normal,consumer_kill,300,5,10,0,2,0.0,0.07527777777777778,0.0,1.0,0.0,300.0,0.0,8.584916869223152,0.8371813940509476,300.9243471979717,0.011739405675322119
4f7dc4db-96fe-5545-a5d6-5f7a09f2896f,A_vt_consumer_kill,queue,normal,consumer_kill,600,5,10,0,2,0.0,0.09166666666666666,0.0,1.0,0.0,600.0,0.0,5.002684761980987,0.8710976359048379,600.8890477718453,0.011943084678096306
5724a989-36c4-5cf0-8018-29532be7f7b1,A_vt_consumer_kill,queue,normal,consumer_kill,30,5,10,0,3,0.0,0.11333333333333333,0.0,1.0,0.0,40.0,40.0,19.859962735277467,0.9736862400394628,61.2801206178283,0.011837469476828594
59adbf67-b9d5-511e-bb7b-37e56cec23e5,A_vt_consumer_kill,queue,normal,consumer_kill,60,5,10,0,1,0.0,0.09444444444444444,0.0,1.0,0.0,60.0,15.0,19.77271471670192,0.8201950755656942,61.072857931572315,0.011657517925831902
5f2f34f8-0ad0-531a-9e5b-ab558e485752,A_vt_consumer_kill,queue,normal,consumer_kill,30,5,10,0,2,0.0,0.10333333333333333,0.0,1.0,0.0,35.0,10.0,19.298551259158117,0.8423358747399661,61.22680827142513,0.011721019024598508
66d15cba-9cdd-59f0-8ed1-e5dbcd70d436,A_vt_consumer_kill,queue,normal,consumer_kill,600,5,10,0,2,0.0,0.09166666666666666,0.0,1.0,0.0,600.0,0.0,5.002684761980987,0.8710976359048379,600.8890477718453,0.011943084678096306
6724dbb6-b3bc-5b10-9334-9384a898cf62,A_vt_consumer_kill,queue,normal,consumer_kill,120,5,10,0,2,0.0,0.07472222222222222,0.0,1.0,0.0,120.0,0.0,15.005032188997863,0.9017130688137343,120.94306186678203,0.011773832586161668
683615e0-0461-5d18-97f1-69bfdb1b243c,A_vt_consumer_kill,queue,normal,consumer_kill,60,5,10,0,0,0.0,0.0775,0.0,1.0,0.0,60.0,40.0,20.122678054354427,0.863305276063496,61.212232950267435,0.011413395341595836
6a2b7bab-e6ac-549d-b4ef-6248710fca56,A_vt_consumer_kill,queue,normal,consumer_kill,300,5,10,0,3,0.0,0.06722222222222222,0.0,1.0,0.0,300.0,0.0,8.589563056626078,0.8711753958447623,301.04153920855924,0.011708022043722677
71944b25-937e-5d5e-bcd8-18392af38edb,A_vt_consumer_kill,queue,normal,consumer_kill,300,5,10,0,3,0.0,0.06722222222222222,0.0,1.0,0.0,300.0,0.0,8.589563056626078,0.8711753958447623,301.04153920855924,0.011708022043722677
71993b68-c326-5774-b3e8-3ecb3c87aebe,A_vt_consumer_kill,queue,normal,consumer_kill,600,5,10,0,3,0.0,0.07833333333333334,0.0,1.0,0.0,600.0,5.0,5.005399443249806,0.8759050400301476,600.8659319768778,0.011866887031464787
745b2ca8-4e0c-528d-95e3-52f798bd01a8,A_vt_consumer_kill,queue,normal,consumer_kill,60,5,10,0,4,0.0,0.07166666666666667,0.0,1.0,0.0,60.0,0.0,19.70621010600604,0.8725726386496682,61.19076861994757,0.011528507746731035
7d5595b5-5189-55cd-9f64-5a84d6065480,A_vt_consumer_kill,queue,normal,consumer_kill,300,5,10,0,4,0.0,0.07277777777777777,0.0,1.0,0.0,300.0,5.0,8.588511571007311,1.0259372565295308,301.0124240324245,0.011762231854911532
7de3043a-13c8-5cf2-a135-36c23a0afd3b,A_vt_consumer_kill,queue,normal,consumer_kill,30,5,10,0,1,0.0,0.10083333333333333,0.0,1.0,0.0,30.0,30.0,19.515601957146483,0.8648428457198634,61.185876085405646,0.011708774673937019
7ea7639d-bd85-508c-88b2-1e0b18d7448c,A_vt_consumer_kill,queue,normal,consumer_kill,120,5,10,0,3,0.0,0.07444444444444444,0.0,1.0,0.0,120.0,0.0,15.085214171046802,0.8906465583533816,121.0296403984497,0.011745191490189526
84aec217-4fae-5f9f-b833-01848872d707,A_vt_consumer_kill,queue,normal,consumer_kill,600,5,10,0,3,0.0,0.07833333333333334,0.0,1.0,0.0,600.0,5.0,5.005399443249806,0.8759050400301476,600.8659319768778,0.011866887031464787
8b27e9fc-43a7-5665-8c5a-e6c6978a4889,A_vt_consumer_kill,queue,normal,consumer_kill,600,5,10,0,1,0.0,0.06944444444444445,0.0,1.0,0.0,600.0,0.0,5.009890764360424,0.8114736224953747,601.0121373774382,0.011753026271976079
8b2b23af-70d9-5eea-8d3c-377397285e9f,A_vt_consumer_kill,queue,normal,consumer_kill,300,5,10,0,4,0.0,0.07277777777777777,0.0,1.0,0.0,300.0,5.0,8.588511571007311,1.0259372565295308,301.0124240324245,0.011762231854911532
8feca068-3d47-5358-9cbe-412780c5f3c5,A_vt_consumer_kill,queue,normal,consumer_kill,120,5,10,0,1,0.0,0.07444444444444444,0.0,1.0,0.0,120.0,0.0,15.024369136583086,0.8420362940900361,120.88586818811216,0.011702764169638736
9c38fabb-d3e9-5f9b-b53c-bb8dde29f693,A_vt_consumer_kill,queue,normal,consumer_kill,300,5,10,0,1,0.0,0.07027777777777777,0.0,1.0,0.0,300.0,0.0,8.594140844256199,0.8019415817372817,300.83628756315477,0.011726385403435749
9faf7e8e-4b44-5cb4-ac2e-48951e05e357,A_vt_consumer_kill,queue,normal,consumer_kill,600,5,10,0,4,0.0,0.06916666666666667,0.0,1.0,0.0,600.0,30.0,5.00674764692661,0.8289470620990613,600.9697843577928,0.011726229872408225
a0448261-fafe-5c12-9f15-0ee024d29817,A_vt_consumer_kill,queue,normal,consumer_kill,600,5,10,0,4,0.0,0.06916666666666667,0.0,1.0,0.0,600.0,30.0,5.00674764692661,0.8289470620990613,600.9697843577928,0.011726229872408225
b334134b-f66b-5fae-93b0-f383414a20c1,A_vt_consumer_kill,queue,normal,consumer_kill,60,5,10,0,2,0.0,0.06972222222222223,0.0,1.0,0.0,65.0,25.0,19.00797276298523,1.0052112901270291,61.233980114209984,0.01156570949780673
b54a72d5-3027-58ca-beb2-e58fe9edc4e5,A_vt_consumer_kill,queue,normal,consumer_kill,600,5,10,0,0,0.0,0.08166666666666667,0.0,1.0,0.0,600.0,0.0,5.00816076492256,0.9092297482370209,601.0467546898726,0.011854112921418747
bc07becc-c9f5-5c1f-82b3-e05c811cb165,A_vt_consumer_kill,queue,normal,consumer_kill,300,5,10,0,2,0.0,0.07527777777777778,0.0,1.0,0.0,300.0,0.0,8.584916869223152,0.8371813940509476,300.9243471979717,0.011739405675322119
c025600f-b4ff-5862-b9a2-12aa54db9a8b,A_vt_consumer_kill,queue,normal,consumer_kill,60,5,10,0,1,0.0,0.09444444444444444,0.0,1.0,0.0,60.0,15.0,19.77271471670192,0.8201950755656942,61.072857931572315,0.011657517925831902
cab0e6e0-2536-5688-ac3b-67dbe38d5f0b,A_vt_consumer_kill,queue,normal,consumer_kill,60,5,10,0,2,0.0,0.06972222222222223,0.0,1.0,0.0,65.0,25.0,19.00797276298523,1.0052112901270291,61.233980114209984,0.01156570949780673
cd1fc2e6-0f7e-5fa4-a06a-ed821c78d926,A_vt_consumer_kill,queue,normal,consumer_kill,30,5,10,0,4,0.0,0.1063888888888889,0.0,1.0,0.0,30.0,35.0,20.41894841285318,0.9561140580884953,61.33357891669486,0.011753141340431482
d1b695ee-c35f-5177-9bb8-4ca9296c46d2,A_vt_consumer_kill,queue,normal,consumer_kill,30,5,10,0,1,0.0,0.10083333333333333,0.0,1.0,0.0,30.0,30.0,19.515601957146483,0.8648428457198634,61.185876085405646,0.011708774673937019
d5be4260-2178-512a-8c92-20869d28e1ac,A_vt_consumer_kill,queue,normal,consumer_kill,120,5,10,0,3,0.0,0.07444444444444444,0.0,1.0,0.0,120.0,0.0,15.085214171046802,0.8906465583533816,121.0296403984497,0.011745191490189526
d8147f63-a61a-5380-a2bb-4ba98dc2db28,A_vt_consumer_kill,queue,normal,consumer_kill,30,5,10,0,0,0.0,0.1238888888888889,0.0,1.0,0.0,30.0,5.0,20.007988039029353,1.0268852520423337,62.23995618087165,0.011912588216319912
eb85e98c-2c10-5722-bd7f-0bb64be65e12,A_vt_consumer_kill,queue,normal,consumer_kill,120,5,10,0,0,0.0,0.07722222222222222,0.0,1.0,0.0,120.0,0.0,15.063045576687298,0.7990156665054684,121.02724560775032,0.01174967003768529
f15c6868-714c-56f8-93d8-c3e7ea26ae72,A_vt_consumer_kill,queue,normal,consumer_kill,120,5,10,0,2,0.0,0.07472222222222222,0.0,1.0,0.0,120.0,0.0,15.005032188997863,0.9017130688137343,120.94306186678203,0.011773832586161668
fe0f236f-0668-5c14-b70c-ecc53b8ec4f5,A_vt_consumer_kill,queue,normal,consumer_kill,600,5,10,0,0,0.0,0.08166666666666667,0.0,1.0,0.0,600.0,0.0,5.00816076492256,0.9092297482370209,601.0467546898726,0.011854112921418747
ff570110-21f3-5617-9066-b054930af63a,A_vt_consumer_kill,queue,normal,consumer_kill,120,5,10,0,4,0.0,0.06972222222222223,0.0,1.0,0.0,120.0,0.0,15.047888826198031,0.8737836766870402,121.04667331778874,0.011700639122997663
0011dc61-a73f-5a89-b68a-f1c44836b00d,B_mrc_unhandled_error,queue,normal,unhandled_error,30,1,10,0,4,0.0,0.0,0.28888888888888886,0.7933333333333333,0.0,30.0,25.0,15.246924626854243,0.5715919564321026,1.166815483064258,0.009088265551893925
01d01e40-0cf6-5467-9e12-c1633174b3e5,B_mrc_unhandled_error,queue,normal,unhandled_error,30,5,10,0,4,0.0,0.13472222222222222,0.0,1.0,0.0,35.0,15.0,19.587310868936147,0.794164819003953,60.93389572576665,0.011922694784195954
0b207080-7216-5a69-80c6-95deac1b8f48,B_mrc_unhandled_error,queue,normal,unhandled_error,30,1,10,0,1,0.0,0.0,0.2852777777777778,0.7994444444444444,0.0,30.0,5.0,15.811303386039947,0.5977062860596689,1.210411673679833,0.009074939005075187
13a07263-d969-51c9-83b8-843465cf18ae,B_mrc_unhandled_error,queue,normal,unhandled_error,30,1,10,0,2,0.0,0.0,0.30277777777777776,0.7911111111111111,0.0,35.0,0.0,15.613466877830156,0.5672252401780753,1.2068126694319803,0.00902284085845125
1fe16101-e4a4-5e1c-93c1-e9fc55447206,B_mrc_unhandled_error,queue,normal,unhandled_error,30,5,10,0,1,0.0,0.12861111111111112,0.0,1.0,0.0,30.0,25.0,19.994882539259997,0.8159234137213014,60.592785261876436,0.011867931343991814
2036f4ca-faec-53ef-b2b5-82b4b244f4f9,B_mrc_unhandled_error,queue,normal,unhandled_error,30,10,10,0,0,0.0,0.14305555555555555,0.0,1.0,0.0,35.0,30.0,20.276522161728188,0.7721427626501338,61.02297589046155,0.01186091435304585
279c7ed8-b29b-52fe-83dd-2923cd2e0cf6,B_mrc_unhandled_error,queue,normal,unhandled_error,30,10,10,0,1,0.0,0.13694444444444445,0.0,1.0,0.0,30.0,30.0,19.958043269435116,0.7838118332637607,60.839888229617046,0.011859934019844934
3134d1d4-3aea-502a-b4ff-b01f6862aa20,B_mrc_unhandled_error,queue,normal,unhandled_error,30,1,10,0,1,0.0,0.0,0.2852777777777778,0.7994444444444444,0.0,30.0,5.0,15.811303386039947,0.5977062860596689,1.210411673679833,0.009074939005075187
3b01253d-f6bc-5e2f-b473-1ad261fad96d,B_mrc_unhandled_error,queue,normal,unhandled_error,30,5,10,0,2,0.0,0.1361111111111111,0.0,1.0,0.0,30.0,25.0,19.472209123177425,0.7839847287198545,60.75798687483278,0.011859439656104791
40e35d3b-462f-5fcc-89f1-be465124e7e6,B_mrc_unhandled_error,queue,normal,unhandled_error,30,5,10,0,4,0.0,0.13472222222222222,0.0,1.0,0.0,35.0,15.0,19.587310868936147,0.794164819003953,60.93389572576665,0.011922694784195954
443d89f2-79e0-5054-a4f2-841421de0a00,B_mrc_unhandled_error,queue,normal,unhandled_error,30,5,10,0,0,0.0,0.15166666666666667,0.0,1.0,0.0,30.0,5.0,20.07084093577765,0.8058756075713838,60.759573803406425,0.012044124353595077
45a30fbd-1f55-5481-9b7e-9918fdb9a386,B_mrc_unhandled_error,queue,normal,unhandled_error,30,1,10,0,4,0.0,0.0,0.28888888888888886,0.7933333333333333,0.0,30.0,25.0,15.246924626854243,0.5715919564321026,1.166815483064258,0.009088265551893925
500e890d-15d2-520a-8fec-e83a909fcf65,B_mrc_unhandled_error,queue,normal,unhandled_error,30,3,10,0,4,0.0,0.1375,0.001388888888888889,1.0,0.0,30.0,25.0,20.301952433121123,0.786012264996064,60.862231756318685,0.01182295012617979
50ed545e-4b85-51aa-aa93-41ef267a4601,B_mrc_unhandled_error,queue,normal,unhandled_error,30,10,10,0,4,0.0,0.15055555555555555,0.0,1.0,0.0,50.0,0.0,20.341943927506158,0.842612756539264,60.80492474991725,0.011989800800974192
52424385-1e8a-5496-8880-34bbee083657,B_mrc_unhandled_error,queue,normal,unhandled_error,30,3,10,0,2,0.0,0.14472222222222222,0.0005555555555555556,1.0,0.0,35.0,0.0,20.049246254108617,0.7732469847488588,60.75180823139245,0.011907556981998411
5631bd68-750d-5ee3-9e30-ce70f0aaebd9,B_mrc_unhandled_error,queue,normal,unhandled_error,30,3,10,0,3,0.0,0.15194444444444444,0.0008333333333333334,1.0,0.0,35.0,30.0,20.02688501100236,0.7659761795836881,60.66179640488021,0.011966505436757242
5a0cae9a-bc3b-5843-a011-695a28ab511c,B_mrc_unhandled_error,queue,normal,unhandled_error,30,10,10,0,3,0.0,0.135,0.0,1.0,0.0,30.0,25.0,19.248316437342183,0.753225577728724,60.6220061075501,0.011920278659184925
62f9384f-ee18-5c7d-a4e4-7e1256b39dd4,B_mrc_unhandled_error,queue,normal,unhandled_error,30,5,10,0,1,0.0,0.12861111111111112,0.0,1.0,0.0,30.0,25.0,19.994882539259997,0.8159234137213014,60.592785261876436,0.011867931343991814
64b1b5da-ed22-5121-bdbb-5fbf0d9cf150,B_mrc_unhandled_error,queue,normal,unhandled_error,30,5,10,0,0,0.0,0.15166666666666667,0.0,1.0,0.0,30.0,5.0,20.07084093577765,0.8058756075713838,60.759573803406425,0.012044124353595077
68bc8e54-5d34-5342-9b7f-fe197be70f63,B_mrc_unhandled_error,queue,normal,unhandled_error,30,5,10,0,2,0.0,0.1361111111111111,0.0,1.0,0.0,30.0,25.0,19.472209123177425,0.7839847287198545,60.75798687483278,0.011859439656104791
6aa918dc-8f83-5c79-96fd-dfac9be71c55,B_mrc_unhandled_error,queue,normal,unhandled_error,30,3,10,0,1,0.0,0.1411111111111111,0.0002777777777777778,1.0,0.0,35.0,15.0,20.211019284417635,0.7510690879019144,60.72438168425101,0.01188990801151188
71d3bfc0-9e85-58bd-9701-b7209a6fbcb1,B_mrc_unhandled_error,queue,normal,unhandled_error,30,3,10,0,2,0.0,0.14472222222222222,0.0005555555555555556,1.0,0.0,35.0,0.0,20.049246254108617,0.7732469847488588,60.75180823139245,0.011907556981998411
7ab53345-f902-5cae-8e26-7b68c1686532,B_mrc_unhandled_error,queue,normal,unhandled_error,30,1,10,0,2,0.0,0.0,0.30277777777777776,0.7911111111111111,0.0,35.0,0.0,15.613466877830156,0.5672252401780753,1.2068126694319803,0.00902284085845125
85ea79ef-ea78-51c7-9a99-e442c49f81d7,B_mrc_unhandled_error,queue,normal,unhandled_error,30,3,10,0,0,0.0,0.11339633129516398,0.001388888888888889,0.9994444444444445,0.0,30.0,10.0,19.81658573041523,0.7960427089202256,60.78813767454279,0.011693934736477982
89f74b80-3fcf-517b-9abc-a9668523321b,B_mrc_unhandled_error,queue,normal,unhandled_error,30,1,10,0,3,0.0,0.0,0.29194444444444445,0.8005555555555556,0.0,30.0,0.0,15.970860096450837,0.564028142634335,1.1451095106521818,0.009089692858018373
9357d01c-02a4-537d-b279-fe2f783dc38b,B_mrc_unhandled_error,queue,normal,unhandled_error,30,3,10,0,0,0.0,0.11339633129516398,0.001388888888888889,0.9994444444444445,0.0,30.0,10.0,19.81658573041523,0.7960427089202256,60.78813767454279,0.011693934736477982
953c14c3-4d7b-55e7-9bea-e2e013d530ae,B_mrc_unhandled_error,queue,normal,unhandled_error,30,10,10,0,1,0.0,0.13694444444444445,0.0,1.0,0.0,30.0,30.0,19.958043269435116,0.7838118332637607,60.839888229617046,0.011859934019844934
98f4cf94-d3be-5e82-84ac-4586748b09c3,B_mrc_unhandled_error,queue,normal,unhandled_error,30,3,10,0,4,0.0,0.1375,0.001388888888888889,1.0,0.0,30.0,25.0,20.301952433121123,0.786012264996064,60.862231756318685,0.01182295012617979
9b45b384-cf4e-50c3-95aa-2f244a87830a,B_mrc_unhandled_error,queue,normal,unhandled_error,30,10,10,0,0,0.0,0.14305555555555555,0.0,1.0,0.0,35.0,30.0,20.276522161728188,0.7721427626501338,61.02297589046155,0.01186091435304585
9d731cce-b515-50d7-82fb-987806e05ef1,B_mrc_unhandled_error,queue,normal,unhandled_error,30,10,10,0,3,0.0,0.135,0.0,1.0,0.0,30.0,25.0,19.248316437342183,0.753225577728724,60.6220061075501,0.011920278659184925
afc5af15-7222-57e3-925c-65d080da7920,B_mrc_unhandled_error,queue,normal,unhandled_error,30,1,10,0,0,0.0,0.0,0.3005555555555556,0.7961111111111111,0.0,30.0,10.0,16.189562801500344,0.5941118125331357,1.2304414055409758,0.009004319857637432
ba9e8f4e-47ca-5ffc-a421-484656d7ec55,B_mrc_unhandled_error,queue,normal,unhandled_error,30,10,10,0,2,0.0,0.12583333333333332,0.0,1.0,0.0,35.0,30.0,20.249145286576013,0.7777912365067845,60.682660618004654,0.011723845736229014
c9cc9884-e110-5785-a603-59ef93d9ab6a,B_mrc_unhandled_error,queue,normal,unhandled_error,30,1,10,0,3,0.0,0.0,0.29194444444444445,0.8005555555555556,0.0,30.0,0.0,15.970860096450837,0.564028142634335,1.1451095106521818,0.009089692858018373
d35485ae-07a4-57b7-9513-ed9c585ab7d5,B_mrc_unhandled_error,queue,normal,unhandled_error,30,5,10,0,3,0.0,0.13833333333333334,0.0,1.0,0.0,35.0,15.0,20.112466527169836,0.7678357852549738,60.526935554448926,0.01192452632238573
d4ca8f2e-0638-5daa-871c-59768dbbe01f,B_mrc_unhandled_error,queue,normal,unhandled_error,30,10,10,0,2,0.0,0.12583333333333332,0.0,1.0,0.0,35.0,30.0,20.249145286576013,0.7777912365067845,60.682660618004654,0.011723845736229014
e354395a-6640-5868-877a-f82c791a0e42,B_mrc_unhandled_error,queue,normal,unhandled_error,30,1,10,0,0,0.0,0.0,0.3005555555555556,0.7961111111111111,0.0,30.0,10.0,16.189562801500344,0.5941118125331357,1.2304414055409758,0.009004319857637432
e3762429-7741-59c6-aec0-1da5f27dbfca,B_mrc_unhandled_error,queue,normal,unhandled_error,30,3,10,0,3,0.0,0.15194444444444444,0.0008333333333333334,1.0,0.0,35.0,30.0,20.02688501100236,0.7659761795836881,60.66179640488021,0.011966505436757242
f838b00d-deef-5555-8c77-de77305e68b8,B_mrc_unhandled_error,queue,normal,unhandled_error,30,3,10,0,1,0.0,0.1411111111111111,0.0002777777777777778,1.0,0.0,35.0,15.0,20.211019284417635,0.7510690879019144,60.72438168425101,0.01188990801151188
f8d0940c-8824-57c9-8075-849bb6006cdf,B_mrc_unhandled_error,queue,normal,unhandled_error,30,5,10,0,3,0.0,0.13833333333333334,0.0,1.0,0.0,35.0,15.0,20.112466527169836,0.7678357852549738,60.526935554448926,0.01192452632238573
feeefbaa-d8a8-5882-a4b4-2a6dcd18607e,B_mrc_unhandled_error,queue,normal,unhandled_error,30,10,10,0,4,0.0,0.15055555555555555,0.0,1.0,0.0,50.0,0.0,20.341943927506158,0.842612756539264,60.80492474991725,0.011989800800974192
009a3583-4fad-51ea-8aa0-b34c846136c6,C_mrc_datastore_reject,queue,normal,datastore_reject,30,3,10,0,3,0.0,0.001388888888888889,0.0,1.0,0.0,35.0,0.0,19.93278254000108,0.7105236767206051,31.74052204216869,0.012438262786564933
049bb594-c262-5cb6-8c85-73df3d4958c8,C_mrc_datastore_reject,queue,normal,datastore_reject,30,10,10,0,4,0.0,0.0019444444444444444,0.0,1.0,0.0,30.0,0.0,19.476253485676086,0.6641404304056415,31.462551653501972,0.012161902819909661
07bf69bc-b781-56a4-ba8f-cd36260ace1c,C_mrc_datastore_reject,queue,normal,datastore_reject,30,3,10,0,3,0.0,0.001388888888888889,0.0,1.0,0.0,35.0,0.0,19.93278254000108,0.7105236767206051,31.74052204216869,0.012438262786564933
154176f5-daa6-5889-bb34-d7222c9d640d,C_mrc_datastore_reject,queue,normal,datastore_reject,30,1,10,0,3,0.0,0.0,0.16972222222222222,0.8330555555555555,0.0,30.0,0.0,16.831524572995477,0.5675214738674654,1.0787554207236993,0.010212229425313907
18e38c17-bbce-5cb5-b01a-44a57633382a,C_mrc_datastore_reject,queue,normal,datastore_reject,30,1,10,0,3,0.0,0.0,0.16972222222222222,0.8330555555555555,0.0,30.0,0.0,16.831524572995477,0.5675214738674654,1.0787554207236993,0.010212229425313907
1913ef92-4d1c-5039-8b35-88ddef5bb92f,C_mrc_datastore_reject,queue,normal,datastore_reject,30,3,10,0,2,0.0,0.0016666666666666668,0.0,1.0,0.0,35.0,0.0,19.59933634629071,0.636637961734877,31.318338080588585,0.012126744891977357
31268ca4-aec2-5b64-996e-c2f21ac8a6a5,C_mrc_datastore_reject,queue,normal,datastore_reject,30,10,10,0,4,0.0,0.0019444444444444444,0.0,1.0,0.0,30.0,0.0,19.476253485676086,0.6641404304056415,31.462551653501972,0.012161902819909661
31f26086-3bd1-562d-b196-583fd982eb28,C_mrc_datastore_reject,queue,normal,datastore_reject,30,10,10,0,2,0.0,0.0022222222222222222,0.0,1.0,0.0,35.0,0.0,20.043604223537997,0.6830317177178244,31.35693510620291,0.012087034471143501
347bc966-c428-5067-889e-5613827d5c99,C_mrc_datastore_reject,queue,normal,datastore_reject,30,5,10,0,2,0.0,0.0019444444444444444,0.0,1.0,0.0,30.0,0.0,19.708121940598677,0.6403651881516339,31.31660966273432,0.012090062955122825
3a047110-e6e0-566b-8019-8dda94c483c0,C_mrc_datastore_reject,queue,normal,datastore_reject,30,5,10,0,3,0.0,0.002777777777777778,0.0,1.0,0.0,45.0,25.0,19.68954502411863,0.7125348449814908,31.474018451502427,0.012005725571521148
3f10669d-0d2b-5d03-beab-ff85a4411a18,C_mrc_datastore_reject,queue,normal,datastore_reject,30,10,10,0,3,0.0,0.0019444444444444444,0.0,1.0,0.0,30.0,15.0,19.906507111244157,0.6904916440073166,31.45927932826636,0.01193229550426772
412f5b32-9581-5280-9cbf-449b2672b67f,C_mrc_datastore_reject,queue,normal,datastore_reject,30,10,10,0,3,0.0,0.0019444444444444444,0.0,1.0,0.0,30.0,15.0,19.906507111244157,0.6904916440073166,31.45927932826636,0.01193229550426772
42969c22-1411-5797-a875-3c15216466e9,C_mrc_datastore_reject,queue,normal,datastore_reject,30,5,10,0,2,0.0,0.0019444444444444444,0.0,1.0,0.0,30.0,0.0,19.708121940598677,0.6403651881516339,31.31660966273432,0.012090062955122825
484af65c-78c4-533a-8000-803773dfd8e3,C_mrc_datastore_reject,queue,normal,datastore_reject,30,10,10,0,1,0.0,0.0044444444444444444,0.0,1.0,0.0,30.0,0.0,19.523801643259173,0.6818677979239549,31.325467891979347,0.012219554997612353
50957f2e-1969-5eea-b562-8bf3d8ab7e40,C_mrc_datastore_reject,queue,normal,datastore_reject,30,3,10,0,4,0.0,0.0019444444444444444,0.0011111111111111111,1.0,0.0,30.0,0.0,20.249076443479932,0.7024795552983569,31.671131088310506,0.012024338504959799
5aae52a3-ba86-526c-937e-691d2271379b,C_mrc_datastore_reject,queue,normal,datastore_reject,30,1,10,0,4,0.0,0.0,0.165,0.8380555555555556,0.0,30.0,0.0,16.649508051426672,0.5396659357873688,1.0892648519936556,0.010241204774438625
5d2dadf9-be17-505f-a5f7-e81ec923e361,C_mrc_datastore_reject,queue,normal,datastore_reject,30,5,10,0,1,0.0,0.001388888888888889,0.0,1.0,0.0,30.0,10.0,19.438539780833718,0.7155957304446634,31.57648745458081,0.012170515105026697
6a3859a8-985a-59cf-92a1-b1b0cb318de8,C_mrc_datastore_reject,queue,normal,datastore_reject,30,3,10,0,1,0.0,0.002777777777777778,0.0005555555555555556,1.0,0.0,30.0,0.0,19.919917803723024,0.6298769887811035,31.405897529921813,0.012349785309368541
6b8d1945-790f-5036-b9fa-f661f487e3ec,C_mrc_datastore_reject,queue,normal,datastore_reject,30,5,10,0,4,0.0,0.0030555555555555557,0.0,1.0,0.0,30.0,5.0,20.057580347056067,0.6686863809503478,31.57215318008156,0.011921717818336418
6c7dfe31-5526-51ae-9ee1-8801746d6164,C_mrc_datastore_reject,queue,normal,datastore_reject,30,10,10,0,0,0.0,0.0019444444444444444,0.0,1.0,0.0,30.0,0.0,20.037490723788185,0.7077663106396308,31.539706708095892,0.012120567466262366
825cfb4f-d935-5e49-82b0-d410ec644554,C_mrc_datastore_reject,queue,normal,datastore_reject,30,1,10,0,1,0.0,0.0,0.16166666666666665,0.8402777777777778,0.0,30.0,20.0,16.656647956872575,0.5504308999353498,1.1042159094466852,0.010248927376266887
850c93e3-b666-5402-b2d8-6e8b467690fa,C_mrc_datastore_reject,queue,normal,datastore_reject,30,10,10,0,0,0.0,0.0019444444444444444,0.0,1.0,0.0,30.0,0.0,20.037490723788185,0.7077663106396308,31.539706708095892,0.012120567466262366
887a93a2-4d51-52be-ab1f-0dba0dea64c8,C_mrc_datastore_reject,queue,normal,datastore_reject,30,10,10,0,1,0.0,0.0044444444444444444,0.0,1.0,0.0,30.0,0.0,19.523801643259173,0.6818677979239549,31.325467891979347,0.012219554997612353
8a7cfe0a-1142-56c8-aa75-b7ebc555c7f4,C_mrc_datastore_reject,queue,normal,datastore_reject,30,10,10,0,2,0.0,0.0022222222222222222,0.0,1.0,0.0,35.0,0.0,20.043604223537997,0.6830317177178244,31.35693510620291,0.012087034471143501
8bfa1d03-0d28-58e3-84bb-0e3b523bf80c,C_mrc_datastore_reject,queue,normal,datastore_reject,30,1,10,0,0,0.0,0.0,0.1763888888888889,0.825,0.0,30.0,0.0,16.605042748486845,0.5349466033895709,1.0835091152100553,0.01018534702969323
96feac18-6387-537a-8870-538ebb97e1de,C_mrc_datastore_reject,queue,normal,datastore_reject,30,3,10,0,1,0.0,0.002777777777777778,0.0005555555555555556,1.0,0.0,30.0,0.0,19.919917803723024,0.6298769887811035,31.405897529921813,0.012349785309368541
99849e26-ffd6-582f-b1a8-554cc8c9604d,C_mrc_datastore_reject,queue,normal,datastore_reject,30,3,10,0,2,0.0,0.0016666666666666668,0.0,1.0,0.0,35.0,0.0,19.59933634629071,0.636637961734877,31.318338080588585,0.012126744891977357
9b437cf0-5438-5fc5-8e03-f1e072859f2a,C_mrc_datastore_reject,queue,normal,datastore_reject,30,5,10,0,3,0.0,0.002777777777777778,0.0,1.0,0.0,45.0,25.0,19.68954502411863,0.7125348449814908,31.474018451502427,0.012005725571521148
9bddb3f7-4fac-583b-ae1c-1b16b83c0058,C_mrc_datastore_reject,queue,normal,datastore_reject,30,1,10,0,0,0.0,0.0,0.1763888888888889,0.825,0.0,30.0,0.0,16.605042748486845,0.5349466033895709,1.0835091152100553,0.01018534702969323
a0f545c5-3797-513b-8772-9b73275771e0,C_mrc_datastore_reject,queue,normal,datastore_reject,30,3,10,0,0,0.0,0.0005555555555555556,0.0,1.0,0.0,30.0,0.0,20.064094464422187,0.7102245221633412,31.57323327352008,0.0119553637685308
a2fd6256-024b-5250-b4cb-742c45afb615,C_mrc_datastore_reject,queue,normal,datastore_reject,30,5,10,0,0,0.0,0.002777777777777778,0.0,1.0,0.0,30.0,40.0,19.137342464113654,0.6149658274341334,31.358365622584458,0.012266786297950992
c5592756-4e3b-5b6c-be9d-ddd3f55dd789,C_mrc_datastore_reject,queue,normal,datastore_reject,30,1,10,0,4,0.0,0.0,0.165,0.8380555555555556,0.0,30.0,0.0,16.649508051426672,0.5396659357873688,1.0892648519936556,0.010241204774438625
c56e866e-4cc6-5162-b832-819536c04eae,C_mrc_datastore_reject,queue,normal,datastore_reject,30,1,10,0,2,0.0,0.0,0.17472222222222222,0.8263888888888888,0.0,30.0,0.0,16.944370813336946,0.5553405565344178,1.0805251162761733,0.0101652969088045
c95a4414-9189-58e6-aab5-6fca86a72562,C_mrc_datastore_reject,queue,normal,datastore_reject,30,3,10,0,0,0.0,0.0005555555555555556,0.0,1.0,0.0,30.0,0.0,20.064094464422187,0.7102245221633412,31.57323327352008,0.0119553637685308
cba74863-cbf5-50f7-945e-2ac56e070acc,C_mrc_datastore_reject,queue,normal,datastore_reject,30,5,10,0,1,0.0,0.001388888888888889,0.0,1.0,0.0,30.0,10.0,19.438539780833718,0.7155957304446634,31.57648745458081,0.012170515105026697
d2031b99-afed-5acb-9197-8e822c057d18,C_mrc_datastore_reject,queue,normal,datastore_reject,30,1,10,0,2,0.0,0.0,0.17472222222222222,0.8263888888888888,0.0,30.0,0.0,16.944370813336946,0.5553405565344178,1.0805251162761733,0.0101652969088045
dd77843e-a325-583d-8fe7-30d6a0772477,C_mrc_datastore_reject,queue,normal,datastore_reject,30,5,10,0,4,0.0,0.0030555555555555557,0.0,1.0,0.0,30.0,5.0,20.057580347056067,0.6686863809503478,31.57215318008156,0.011921717818336418
e5b7ed16-38b7-5f3b-ae92-75ed75014525,C_mrc_datastore_reject,queue,normal,datastore_reject,30,5,10,0,0,0.0,0.002777777777777778,0.0,1.0,0.0,30.0,40.0,19.137342464113654,0.6149658274341334,31.358365622584458,0.012266786297950992
f5514bc3-a1ea-5533-82c3-da5b25f53971,C_mrc_datastore_reject,queue,normal,datastore_reject,30,1,10,0,1,0.0,0.0,0.16166666666666665,0.8402777777777778,0.0,30.0,20.0,16.656647956872575,0.5504308999353498,1.1042159094466852,0.010248927376266887
ffe1fc13-52ae-5d8f-9918-0c54e2f9ab08,C_mrc_datastore_reject,queue,normal,datastore_reject,30,3,10,0,4,0.0,0.0019444444444444444,0.0011111111111111111,1.0,0.0,30.0,0.0,20.249076443479932,0.7024795552983569,31.671131088310506,0.012024338504959799
018cee42-f542-5c30-a826-c3a67e71831a,D_vt_datastore_timeout,queue,normal,datastore_timeout,120,5,10,0,1,0.0,0.018333333333333333,0.0,1.0,0.0,110.0,10.0,15.58502629950539,1.0299515128821248,54.31352112614249,0.011812196881844381
02b6bba4-7bef-5989-bda8-204aedb3a3cf,D_vt_datastore_timeout,queue,normal,datastore_timeout,30,5,10,0,1,0.0,0.017777777777777778,0.0,1.0,0.0,45.0,20.0,19.305741720536435,1.0293707727236932,52.89454184240129,0.011828057872896754
03e07af2-65c7-5bc5-b6d4-1e769d114d68,D_vt_datastore_timeout,queue,normal,datastore_timeout,60,5,10,0,2,0.0,0.01888888888888889,0.0,1.0,0.0,55.0,10.0,20.35677742716909,1.0293666685119263,52.97347882071735,0.011749795530958732
05a48e90-2369-53d1-b3b1-803029e73308,D_vt_datastore_timeout,queue,normal,datastore_timeout,600,5,10,0,3,0.0,0.013055555555555556,0.0,1.0,0.0,590.0,10.0,5.07002269371689,1.0291583122046795,53.20720409364131,0.011822394638976467
0825393e-6ed1-5758-b6d5-285386809bf0,D_vt_datastore_timeout,queue,normal,datastore_timeout,120,5,10,0,4,0.0,0.014444444444444444,0.0,1.0,0.0,110.0,25.0,15.588738210618223,1.0298743300022468,52.318724897726234,0.011862989766991702
0df1f2ad-0e87-51d0-90aa-61f29dabda5a,D_vt_datastore_timeout,queue,normal,datastore_timeout,30,5,10,0,4,0.0,0.015555555555555555,0.0,1.0,0.0,25.0,35.0,19.799521157588025,1.027858542425502,51.6694783866349,0.01176318816552163
0f6931fc-3fa2-507f-a356-54e3da2c6855,D_vt_datastore_timeout,queue,normal,datastore_timeout,600,5,10,0,1,0.0,0.017222222222222222,0.0,1.0,0.0,590.0,10.0,5.072489663439373,1.0294447331030092,54.560634640446736,0.011863133046895047
18cfb68d-c1ae-5432-9bd6-c06548f49452,D_vt_datastore_timeout,queue,normal,datastore_timeout,30,5,10,0,1,0.0,0.017777777777777778,0.0,1.0,0.0,45.0,20.0,19.305741720536435,1.0293707727236932,52.89454184240129,0.011828057872896754
2a6c219f-9ced-5fb7-abf5-feb87f6239f6,D_vt_datastore_timeout,queue,normal,datastore_timeout,30,5,10,0,3,0.0,0.010833333333333334,0.0,1.0,0.0,40.0,25.0,20.25512374195783,1.0305464688192227,53.52410029190586,0.011697763131157592
2cbfc30c-5d50-54d4-b037-6a397747246e,D_vt_datastore_timeout,queue,normal,datastore_timeout,120,5,10,0,4,0.0,0.014444444444444444,0.0,1.0,0.0,110.0,25.0,15.588738210618223,1.0298743300022468,52.318724897726234,0.011862989766991702
3320982c-e395-5452-8e2c-dc1f19f978e9,D_vt_datastore_timeout,queue,normal,datastore_timeout,300,5,10,0,3,0.0,0.013055555555555556,0.0,1.0,0.0,290.0,10.0,8.789876477983954,1.0287525838110412,54.595114879554245,0.011801630214667373
33792faa-3ba3-5435-b946-517e2313d45e,D_vt_datastore_timeout,queue,normal,datastore_timeout,120,5,10,0,0,0.0,0.017777777777777778,0.0,1.0,0.0,110.0,10.0,15.667799006208734,1.031686913769704,52.69859356752933,0.01180867014557854
34a5b693-4ae2-55a8-8a6f-4e88a7d358b5,D_vt_datastore_timeout,queue,normal,datastore_timeout,120,5,10,0,3,0.0,0.013055555555555556,0.0,1.0,0.0,110.0,10.0,15.689824577328668,1.0300481508232195,54.23324832254187,0.011770652782182136
3b6e8194-fe27-5aaa-ba96-1e64b87a52b2,D_vt_datastore_timeout,queue,normal,datastore_timeout,600,5,10,0,1,0.0,0.017222222222222222,0.0,1.0,0.0,590.0,10.0,5.072489663439373,1.0294447331030092,54.560634640446736,0.011863133046895047
3e9b09ba-35a5-5098-a4c9-d8767ce6a76f,D_vt_datastore_timeout,queue,normal,datastore_timeout,300,5,10,0,0,0.0,0.01138888888888889,0.0,1.0,0.0,290.0,10.0,8.795102893670476,1.0294848526464104,53.35895430037059,0.011763196014312383
42f01f30-3eed-5f5f-9dcd-ad1ca78a787e,D_vt_datastore_timeout,queue,normal,datastore_timeout,120,5,10,0,2,0.0,0.018055555555555554,0.0,1.0,0.0,110.0,10.0,15.599401734453052,1.031282148143319,54.03329242857565,0.011815166148383023
441da830-e95f-59fc-86e2-2de146cf9eb3,D_vt_datastore_timeout,queue,normal,datastore_timeout,30,5,10,0,0,0.0,0.021944444444444444,0.0,1.0,0.0,25.0,25.0,20.388535732625442,1.0305387402741246,52.225232255078595,0.011821857923745257
44240d43-8de9-55c5-bde4-227ce3a2cfbd,D_vt_datastore_timeout,queue,normal,datastore_timeout,30,5,10,0,2,0.0,0.01638888888888889,0.0,1.0,0.0,20.0,10.0,19.939712893229228,1.028937351871022,54.06505064918627,0.011789532046008319
47ff0b48-2685-582f-9798-04faa26bca38,D_vt_datastore_timeout,queue,normal,datastore_timeout,30,5,10,0,2,0.0,0.01638888888888889,0.0,1.0,0.0,20.0,10.0,19.939712893229228,1.028937351871022,54.06505064918627,0.011789532046008319
480fd864-f64d-555b-816c-2679cb484cfe,D_vt_datastore_timeout,queue,normal,datastore_timeout,60,5,10,0,1,0.0,0.014444444444444444,0.0,1.0,0.0,50.0,10.0,19.71989698059763,1.0296874208673312,53.890478662636376,0.011801119857222056
5146c4bb-2d02-53e0-ac9a-10066eba70e1,D_vt_datastore_timeout,queue,normal,datastore_timeout,60,5,10,0,3,0.0,0.01361111111111111,0.0,1.0,0.0,65.0,10.0,19.97006047783919,1.0297344909492239,52.7970882715836,0.01177104073085152
5308ef94-e288-5f51-83e4-ae46b7c3273a,D_vt_datastore_timeout,queue,normal,datastore_timeout,60,5,10,0,0,0.0,0.01972222222222222,0.0,1.0,0.0,55.0,10.0,20.130624403574576,1.0290297072611772,51.82422699077417,0.01179001934121004
5bdc190b-06c5-55f3-a595-0a0c409f3d08,D_vt_datastore_timeout,queue,normal,datastore_timeout,30,5,10,0,0,0.0,0.021944444444444444,0.0,1.0,0.0,25.0,25.0,20.388535732625442,1.0305387402741246,52.225232255078595,0.011821857923745257
5c7b706f-1ac1-540b-bc57-b119ff535a99,D_vt_datastore_timeout,queue,normal,datastore_timeout,60,5,10,0,4,0.0,0.02,0.0,1.0,0.0,55.0,10.0,20.022288939991515,1.0286197793438694,53.69758687478937,0.011793119628735867
6c444703-f4a7-536e-84a6-15e4ed804a23,D_vt_datastore_timeout,queue,normal,datastore_timeout,300,5,10,0,1,0.0,0.013333333333333334,0.0,1.0,0.0,290.0,10.0,8.785073364415284,1.0294904324423442,54.70061783670113,0.011791056927328254
70714fc0-5eda-5bda-84a2-453534e8cfe9,D_vt_datastore_timeout,queue,normal,datastore_timeout,60,5,10,0,1,0.0,0.014444444444444444,0.0,1.0,0.0,50.0,10.0,19.71989698059763,1.0296874208673312,53.890478662636376,0.011801119857222056
7626ac60-76da-50aa-a586-2f5b4507abbd,D_vt_datastore_timeout,queue,normal,datastore_timeout,120,5,10,0,0,0.0,0.017777777777777778,0.0,1.0,0.0,110.0,10.0,15.667799006208734,1.031686913769704,52.69859356752933,0.01180867014557854
80177c57-1b53-5916-ae63-a45af8e66c4f,D_vt_datastore_timeout,queue,normal,datastore_timeout,60,5,10,0,0,0.0,0.01972222222222222,0.0,1.0,0.0,55.0,10.0,20.130624403574576,1.0290297072611772,51.82422699077417,0.01179001934121004
8047a649-cdf4-58f0-95a1-72d8de9f725f,D_vt_datastore_timeout,queue,normal,datastore_timeout,300,5,10,0,3,0.0,0.013055555555555556,0.0,1.0,0.0,290.0,10.0,8.789876477983954,1.0287525838110412,54.595114879554245,0.011801630214667373
8c7d4b9a-433a-53f3-8a52-73bdd7e181a6,D_vt_datastore_timeout,queue,normal,datastore_timeout,600,5,10,0,2,0.0,0.013888888888888888,0.0,1.0,0.0,590.0,10.0,5.072375803976534,1.0286577832735695,53.68840613535249,0.011875703631004493
8d05773c-a25b-579c-aad6-d2d46c7cf6ef,D_vt_datastore_timeout,queue,normal,datastore_timeout,300,5,10,0,0,0.0,0.01138888888888889,0.0,1.0,0.0,290.0,10.0,8.795102893670476,1.0294848526464104,53.35895430037059,0.011763196014312383
9f83a87c-4dc7-5cf5-8e66-3301c31b9fc2,D_vt_datastore_timeout,queue,normal,datastore_timeout,600,5,10,0,3,0.0,0.013055555555555556,0.0,1.0,0.0,590.0,10.0,5.07002269371689,1.0291583122046795,53.20720409364131,0.011822394638976467
a5d41821-8171-51bf-a14a-6187e7666f1d,D_vt_datastore_timeout,queue,normal,datastore_timeout,600,5,10,0,4,0.0,0.01611111111111111,0.0,1.0,0.0,590.0,10.0,5.066631782260939,1.0289663909910836,52.839473287618475,0.011896516112308327
a781cb01-cd0e-5edc-8c27-2ba938efa96c,D_vt_datastore_timeout,queue,normal,datastore_timeout,120,5,10,0,2,0.0,0.018055555555555554,0.0,1.0,0.0,110.0,10.0,15.599401734453052,1.031282148143319,54.03329242857565,0.011815166148383023
b0f1fb0d-85b2-5125-8ea0-2149ae186604,D_vt_datastore_timeout,queue,normal,datastore_timeout,60,5,10,0,3,0.0,0.01361111111111111,0.0,1.0,0.0,65.0,10.0,19.97006047783919,1.0297344909492239,52.7970882715836,0.01177104073085152
b5b0137d-152b-59ae-afbc-cc16330ca81c,D_vt_datastore_timeout,queue,normal,datastore_timeout,120,5,10,0,1,0.0,0.018333333333333333,0.0,1.0,0.0,110.0,10.0,15.58502629950539,1.0299515128821248,54.31352112614249,0.011812196881844381
bc900bca-53a8-59fc-a2ca-9e13bf585075,D_vt_datastore_timeout,queue,normal,datastore_timeout,600,5,10,0,2,0.0,0.013888888888888888,0.0,1.0,0.0,590.0,10.0,5.072375803976534,1.0286577832735695,53.68840613535249,0.011875703631004493
c2102fca-ee73-5038-8665-9b7100719261,D_vt_datastore_timeout,queue,normal,datastore_timeout,300,5,10,0,2,0.0,0.012777777777777779,0.0,1.0,0.0,290.0,10.0,8.787512693221027,1.0302643838433596,54.00207008418466,0.011790987462360989
c3510e71-1f0b-523a-a595-6f9ef88cd18d,D_vt_datastore_timeout,queue,normal,datastore_timeout,600,5,10,0,0,0.0,0.013888888888888888,0.0,1.0,0.0,590.0,10.0,5.066670603222056,1.0290130902347059,53.28412082731689,0.011850648236231307
c66cec45-520d-5bf8-9be8-55f9fdfe40b5,D_vt_datastore_timeout,queue,normal,datastore_timeout,300,5,10,0,1,0.0,0.013333333333333334,0.0,1.0,0.0,290.0,10.0,8.785073364415284,1.0294904324423442,54.70061783670113,0.011791056927328254
cac8d9d2-b988-5269-9ce2-963e9da22d2c,D_vt_datastore_timeout,queue,normal,datastore_timeout,300,5,10,0,2,0.0,0.012777777777777779,0.0,1.0,0.0,290.0,10.0,8.787512693221027,1.0302643838433596,54.00207008418466,0.011790987462360989
ce4bab29-03e4-5954-9b19-e4c37e629e85,D_vt_datastore_timeout,queue,normal,datastore_timeout,30,5,10,0,4,0.0,0.015555555555555555,0.0,1.0,0.0,25.0,35.0,19.799521157588025,1.027858542425502,51.6694783866349,0.01176318816552163
d064bfa2-f194-5663-8617-3a68cbca99cf,D_vt_datastore_timeout,queue,normal,datastore_timeout,60,5,10,0,2,0.0,0.01888888888888889,0.0,1.0,0.0,55.0,10.0,20.35677742716909,1.0293666685119263,52.97347882071735,0.011749795530958732
deb5d850-d953-5c77-a8eb-d4f2fe13500b,D_vt_datastore_timeout,queue,normal,datastore_timeout,60,5,10,0,4,0.0,0.02,0.0,1.0,0.0,55.0,10.0,20.022288939991515,1.0286197793438694,53.69758687478937,0.011793119628735867
e2566f6a-3bf0-53bd-ab11-363d5056e701,D_vt_datastore_timeout,queue,normal,datastore_timeout,300,5,10,0,4,0.0,0.010277777777777778,0.0,1.0,0.0,290.0,10.0,8.77842959223506,1.0301626307119989,54.503145073043065,0.011786164840714644
e85f6b56-4ed1-55c4-8659-f666a1f0d001,D_vt_datastore_timeout,queue,normal,datastore_timeout,120,5,10,0,3,0.0,0.013055555555555556,0.0,1.0,0.0,110.0,10.0,15.689824577328668,1.0300481508232195,54.23324832254187,0.011770652782182136
ec3661b8-db41-523c-8fd8-7bbd3e5e2be2,D_vt_datastore_timeout,queue,normal,datastore_timeout,300,5,10,0,4,0.0,0.010277777777777778,0.0,1.0,0.0,290.0,10.0,8.77842959223506,1.0301626307119989,54.503145073043065,0.011786164840714644
f0e451d1-15a8-59f2-aab9-96857d573fc2,D_vt_datastore_timeout,queue,normal,datastore_timeout,600,5,10,0,4,0.0,0.01611111111111111,0.0,1.0,0.0,590.0,10.0,5.066631782260939,1.0289663909910836,52.839473287618475,0.011896516112308327
f7bfb897-3478-5bbd-890a-168c54cd11b0,D_vt_datastore_timeout,queue,normal,datastore_timeout,30,5,10,0,3,0.0,0.010833333333333334,0.0,1.0,0.0,40.0,25.0,20.25512374195783,1.0305464688192227,53.52410029190586,0.011697763131157592
ffe92eff-3bf2-5757-ad10-89cf94400f55,D_vt_datastore_timeout,queue,normal,datastore_timeout,600,5,10,0,0,0.0,0.013888888888888888,0.0,1.0,0.0,590.0,10.0,5.066670603222056,1.0290130902347059,53.28412082731689,0.011850648236231307
061b7fe0-a0b6-5161-a07a-3d8e029a54a0,E_guidance_transfer,queue,normal,consumer_kill,30,5,50,0,3,0.0,0.07222222222222222,0.0,1.0,0.0,30.0,5.0,20.339342074776525,1.0291328910051263,61.31906401616488,0.011690229469178807
0bc34d5e-8a2b-5cf3-a9cd-8200d055fcda,E_guidance_transfer,queue,normal,consumer_kill,30,5,10,0,0,0.0,0.10194444444444445,0.0,1.0,0.0,30.0,5.0,20.263786397259643,1.027860181840257,61.33833889234455,0.011873213454401692
0dfbf393-f477-5c41-bf79-42c55d70b332,E_guidance_transfer,queue,normal,consumer_kill,30,5,10,0,4,0.0,0.10361111111111111,0.0,1.0,0.0,30.0,5.0,19.854090994781895,0.9023489838734235,60.83593527811797,0.011788367465954746
124631ae-a37a-5f34-b876-c5f27b36ffc0,E_guidance_transfer,queue,normal,consumer_kill,600,5,50,0,3,0.0,0.06583333333333333,0.0,1.0,0.0,600.0,0.0,5.002944994130128,1.0261058668422705,601.1901185861182,0.011735851059809482
1d24a026-3aea-5ec8-9902-84100ee90d8e,E_guidance_transfer,queue,normal,consumer_kill,30,5,50,0,4,0.0,0.07388888888888889,0.0,1.0,0.0,35.0,0.0,19.80309085427316,1.0282664810727766,61.065984385730026,0.011770400228668286
21ca01bc-7b02-55d2-a9a8-f8b7cb52ec8e,E_guidance_transfer,queue,normal,consumer_kill,600,5,50,0,4,0.0,0.04083333333333333,0.0,1.0,0.0,600.0,0.0,5.002630909927789,1.0266796111435887,601.2774067190121,0.011505312399218625
30f5c271-0f23-5d12-9a46-1c3bea022795,E_guidance_transfer,queue,normal,consumer_kill,30,5,50,0,3,0.0,0.07222222222222222,0.0,1.0,0.0,30.0,5.0,20.339342074776525,1.0291328910051263,61.31906401616488,0.011690229469178807
34aae0b1-e617-5034-98c4-42b254758787,E_guidance_transfer,queue,normal,consumer_kill,30,5,10,0,2,0.0,0.10055555555555555,0.0,1.0,0.0,45.0,10.0,19.750729138320892,0.9159955146563235,61.36047758750965,0.011780518138050979
350e8785-6555-588b-b88f-082bcdd6bf45,E_guidance_transfer,queue,normal,consumer_kill,30,5,10,0,4,0.0,0.10361111111111111,0.0,1.0,0.0,30.0,5.0,19.854090994781895,0.9023489838734235,60.83593527811797,0.011788367465954746
426382e3-074c-5c33-8856-ff6eb895b385,E_guidance_transfer,queue,normal,consumer_kill,30,5,10,0,3,0.0,0.11027777777777778,0.0,1.0,0.0,45.0,45.0,20.132037689675535,0.8402939375549927,61.11616431229737,0.011820481092325147
43f18989-2f83-56c5-84be-6daf8ff47394,E_guidance_transfer,queue,normal,consumer_kill,600,5,10,0,0,0.0,0.07027777777777777,0.0,1.0,0.0,600.0,0.0,5.0051995335607735,0.9239673461471867,601.0039091359845,0.011759401102018506
4f182e0a-1148-5d96-9a5b-6efd859e0bdf,E_guidance_transfer,queue,normal,consumer_kill,30,5,10,0,2,0.0,0.10055555555555555,0.0,1.0,0.0,45.0,10.0,19.750729138320892,0.9159955146563235,61.36047758750965,0.011780518138050979
4fb901b0-2bbc-5cd4-9900-05be9098ea88,E_guidance_transfer,queue,normal,consumer_kill,30,5,50,0,1,0.0,0.06444444444444444,0.0,1.0,0.0,50.0,10.0,19.921998417055978,1.027445159803241,61.309198553190555,0.011408492446085258
5241a82e-f50b-5170-a0db-699fbf3f8512,E_guidance_transfer,queue,normal,consumer_kill,600,5,10,0,2,0.0,0.07972222222222222,0.0,1.0,0.0,600.0,0.0,5.002486767568173,0.8917765559411848,600.8743773751432,0.011874836257541701
5608fd81-b477-5312-9cba-285e4cc593e7,E_guidance_transfer,queue,normal,consumer_kill,600,5,10,0,1,0.0,0.07972222222222222,0.0,1.0,0.0,600.0,0.0,5.002671621123457,0.9129431230653725,601.0281041074884,0.011867287796960784
6322e724-de64-57f8-acde-d1809e967856,E_guidance_transfer,queue,normal,consumer_kill,600,5,50,0,1,0.0,0.06805555555555555,0.0,1.0,0.0,600.0,0.0,5.001839683623329,0.8861034914463346,601.1430498501643,0.011792273031652771
6d0f5071-9303-551a-bce6-d17524758468,E_guidance_transfer,queue,normal,consumer_kill,600,5,50,0,2,0.0,0.07666666666666666,0.0,1.0,0.0,600.0,0.0,5.0037952053266155,0.8275732780445626,601.1454180783447,0.011819826639727792
6ffb080a-b0d7-5edd-8f9b-a9a8315ec482,E_guidance_transfer,queue,normal,consumer_kill,600,5,10,0,4,0.0,0.07444444444444444,0.0,1.0,0.0,600.0,0.0,5.0067793574052635,0.8771950587350688,600.9029276267241,0.011820545238056632
75d2b28f-62ec-5dc4-a905-90311c222427,E_guidance_transfer,queue,normal,consumer_kill,600,5,10,0,3,0.0,0.07833333333333334,0.0,1.0,0.0,600.0,0.0,5.003950325375392,0.8590736187388419,600.9332409186981,0.01180219082078809
806b2216-c824-5936-8327-c0d49c5363a6,E_guidance_transfer,queue,normal,consumer_kill,600,5,50,0,0,0.0,0.07388888888888889,0.0,1.0,0.0,600.0,0.0,5.005781221153905,0.8130886162396287,601.182131576501,0.011794752227817082
82d8d475-f083-50b7-ba2d-30fb1d88f8a2,E_guidance_transfer,queue,normal,consumer_kill,30,5,10,0,0,0.0,0.10194444444444445,0.0,1.0,0.0,30.0,5.0,20.263786397259643,1.027860181840257,61.33833889234455,0.011873213454401692
8bce47cb-cad5-5b3c-b338-811fab9d246c,E_guidance_transfer,queue,normal,consumer_kill,30,5,50,0,4,0.0,0.07388888888888889,0.0,1.0,0.0,35.0,0.0,19.80309085427316,1.0282664810727766,61.065984385730026,0.011770400228668286
91ac755e-9409-52f8-bff3-f60876c5d398,E_guidance_transfer,queue,normal,consumer_kill,600,5,10,0,2,0.0,0.07972222222222222,0.0,1.0,0.0,600.0,0.0,5.002486767568173,0.8917765559411848,600.8743773751432,0.011874836257541701
97bf56a2-f2d8-50e3-8310-8f01b55195a2,E_guidance_transfer,queue,normal,consumer_kill,600,5,10,0,0,0.0,0.07027777777777777,0.0,1.0,0.0,600.0,0.0,5.0051995335607735,0.9239673461471867,601.0039091359845,0.011759401102018506
9c5a550a-2348-5f4d-9fa6-0272f6ccefd4,E_guidance_transfer,queue,normal,consumer_kill,600,5,10,0,1,0.0,0.07972222222222222,0.0,1.0,0.0,600.0,0.0,5.002671621123457,0.9129431230653725,601.0281041074884,0.011867287796960784
a401cb40-ef5e-5bf2-b5c7-1f494eeda6a0,E_guidance_transfer,queue,normal,consumer_kill,30,5,10,0,1,0.0,0.1075,0.0,1.0,0.0,30.0,5.0,20.264258264144555,1.0271569048077058,61.35373666447855,0.011828362578084459
ac8b9d9f-f641-56c2-ac35-5a1ba39e33c7,E_guidance_transfer,queue,normal,consumer_kill,30,5,50,0,0,0.0,0.07138888888888889,0.0,1.0,0.0,30.0,0.0,19.708740634205792,1.028513852071665,61.302446624001945,0.011606148976529092
b125a74b-b3f2-52a5-bcf6-a7d21e4583d1,E_guidance_transfer,queue,normal,consumer_kill,30,5,50,0,1,0.0,0.06444444444444444,0.0,1.0,0.0,50.0,10.0,19.921998417055978,1.027445159803241,61.309198553190555,0.011408492446085258
b5c8ac97-8338-566d-b59b-1d3907328716,E_guidance_transfer,queue,normal,consumer_kill,600,5,10,0,3,0.0,0.07833333333333334,0.0,1.0,0.0,600.0,0.0,5.003950325375392,0.8590736187388419,600.9332409186981,0.01180219082078809
b753bca3-efd2-5497-b298-41e406174cdd,E_guidance_transfer,queue,normal,consumer_kill,30,5,50,0,2,0.0,0.06777777777777778,0.0,1.0,0.0,35.0,5.0,20.570054822862623,1.026770707894456,61.46288361264776,0.011412931970237994
c27f55b9-a99f-51ed-830a-e35cf8e8a38a,E_guidance_transfer,queue,normal,consumer_kill,30,5,50,0,0,0.0,0.07138888888888889,0.0,1.0,0.0,30.0,0.0,19.708740634205792,1.028513852071665,61.302446624001945,0.011606148976529092
c533e9e6-5f61-5651-8369-f43e77472e94,E_guidance_transfer,queue,normal,consumer_kill,30,5,10,0,3,0.0,0.11027777777777778,0.0,1.0,0.0,45.0,45.0,20.132037689675535,0.8402939375549927,61.11616431229737,0.011820481092325147
ce9753de-7643-58ba-bedb-4e0342c44f4e,E_guidance_transfer,queue,normal,consumer_kill,600,5,50,0,0,0.0,0.07388888888888889,0.0,1.0,0.0,600.0,0.0,5.005781221153905,0.8130886162396287,601.182131576501,0.011794752227817082
d6df9656-1f92-5427-bed4-57f7fe50b282,E_guidance_transfer,queue,normal,consumer_kill,600,5,10,0,4,0.0,0.07444444444444444,0.0,1.0,0.0,600.0,0.0,5.0067793574052635,0.8771950587350688,600.9029276267241,0.011820545238056632
d7f2de56-ce20-56bd-8d56-b2c72b993c0c,E_guidance_transfer,queue,normal,consumer_kill,600,5,50,0,1,0.0,0.06805555555555555,0.0,1.0,0.0,600.0,0.0,5.001839683623329,0.8861034914463346,601.1430498501643,0.011792273031652771
e110c75c-5daf-5bbb-93a3-4fec94fb82ec,E_guidance_transfer,queue,normal,consumer_kill,30,5,50,0,2,0.0,0.06777777777777778,0.0,1.0,0.0,35.0,5.0,20.570054822862623,1.026770707894456,61.46288361264776,0.011412931970237994
e51f9a49-bd98-5f8b-a78b-0268727579e0,E_guidance_transfer,queue,normal,consumer_kill,30,5,10,0,1,0.0,0.1075,0.0,1.0,0.0,30.0,5.0,20.264258264144555,1.0271569048077058,61.35373666447855,0.011828362578084459
eda74ef4-e1cc-5014-bb01-0b46f1634069,E_guidance_transfer,queue,normal,consumer_kill,600,5,50,0,2,0.0,0.07666666666666666,0.0,1.0,0.0,600.0,0.0,5.0037952053266155,0.8275732780445626,601.1454180783447,0.011819826639727792
f196f40f-44d2-5534-9762-32b77d9f1617,E_guidance_transfer,queue,normal,consumer_kill,600,5,50,0,3,0.0,0.06583333333333333,0.0,1.0,0.0,600.0,0.0,5.002944994130128,1.0261058668422705,601.1901185861182,0.011735851059809482
fb622080-8690-5956-8df5-5c68a03ada84,E_guidance_transfer,queue,normal,consumer_kill,600,5,50,0,4,0.0,0.04083333333333333,0.0,1.0,0.0,600.0,0.0,5.002630909927789,1.0266796111435887,601.2774067190121,0.011505312399218625
01700b8c-7369-575f-9e52-47989d0f644d,F_arms_under_fault,queue,normal,datastore_reject,30,5,10,0,0,0.0,0.0025,0.0,1.0,0.0,30.0,0.0,20.51827624856855,0.5821269712604593,30.64435352800647,0.011284008039044757
07c67a5b-3e05-56ba-a4a1-477482563dcf,F_arms_under_fault,sync,normal,unhandled_error,30,5,10,0,2,0.0008333333333333334,0.045315540728384764,0.0,0.9991666666666666,0.0,,,19.64214707384135,0.06020750332803004,0.07093233322709977,0.015103440902092287
0a81dcbc-9c36-5cd7-9e34-7d8befe8a02f,F_arms_under_fault,queue,normal,none,30,5,10,0,2,0.0,0.0011111111111111111,0.0,1.0,0.0,,,20.863220996548833,0.5666332937088683,1.0861715522304471,0.01067667844857801
0b045769-cce5-5fde-84af-de5f8ebc49c4,F_arms_under_fault,sync,normal,none,30,5,10,0,3,0.0,0.0,0.0,1.0,0.0,,,19.60157537262454,0.060045431518251036,0.06768616738503397,0.014232325370786496
10c7c560-0899-58e6-9305-66d0ada04a51,F_arms_under_fault,queue,normal,none,30,5,10,0,3,0.0,0.002777777777777778,0.0,1.0,0.0,,,20.33222776538363,0.49460431143198846,1.0769290680370267,0.010736458728043637
12acafd8-5803-5f2f-a22c-aebd43d5729f,F_arms_under_fault,sync,normal,unhandled_error,30,5,10,0,0,0.0016666666666666668,0.049805230940456316,0.0,0.9983333333333333,0.0,,,20.335838624822166,0.060139937148655065,0.0725357943194405,0.015204188061230434
1ada20db-5282-5eeb-9530-ddf48462ac1c,F_arms_under_fault,sync,normal,none,30,5,10,0,4,0.0,0.0,0.0,1.0,0.0,,,20.144817780982557,0.059910105810239145,0.06749368809663209,0.01423111080643425
1dc473a3-f14c-5a2f-bc8b-d972f2bfc5f5,F_arms_under_fault,sync,normal,consumer_kill,30,5,10,0,1,0.005833333333333334,0.0,0.0,0.9941666666666666,0.0,,,20.26480868191687,0.06032242916285213,0.30985897591969974,0.014732787226991072
1e6bf88c-bf06-55ad-b136-1bb10d0beaec,F_arms_under_fault,queue,normal,unhandled_error,30,5,10,0,0,0.0,0.12166666666666667,0.0,1.0,0.0,35.0,0.0,20.371589902567457,0.7391008318262209,60.495232621256775,0.011702424115764864
1ea83573-4fe8-5b5b-ac30-2745ae9b3c67,F_arms_under_fault,sync,normal,datastore_reject,30,5,10,0,3,0.0044444444444444444,0.0,0.0,0.9955555555555555,0.0,,,19.69800501189149,0.06038540442032314,0.31203031962403466,0.015236898957599597
279f5298-2956-53f8-b92f-3110ac3a5973,F_arms_under_fault,sync,normal,datastore_reject,30,5,10,0,2,0.006111111111111111,0.0,0.0,0.9938888888888889,0.0,,,20.181170934939793,0.060357599871785794,0.3108794994132701,0.015079030595991786
28cd71cc-5886-508d-a5ab-bcaa9ad98c6d,F_arms_under_fault,sync,normal,datastore_reject,30,5,10,0,1,0.0030555555555555557,0.0,0.0,0.9969444444444444,0.0,,,19.953116285977597,0.060483230379446695,0.3108939469417919,0.015119656544735455
2a81cbed-5881-54b7-b846-32a06cb0d747,F_arms_under_fault,sync,normal,consumer_kill,30,5,10,0,3,0.006111111111111111,0.0,0.0,0.9938888888888889,0.0,,,20.29925593749545,0.060402749528435606,0.3097954927026727,0.01475052647355872
2b05ccec-1617-5ae9-89b1-68f615c24021,F_arms_under_fault,sync,normal,unhandled_error,30,5,10,0,3,0.001388888888888889,0.04840055632823366,0.0,0.9986111111111111,0.0,,,19.549796777217566,0.060314071473300146,0.07222179883948543,0.015179340667123608
2e442bdb-2722-5220-b0b2-4a9c926738e9,F_arms_under_fault,sync,normal,unhandled_error,30,5,10,0,4,0.001388888888888889,0.0545201668984701,0.0,0.9986111111111111,0.0,,,20.269760684941712,0.060159953593142745,0.0709327375585488,0.015253626321233197
2ecff24e-0466-5545-96d4-a59f2eb1a2c3,F_arms_under_fault,sync,normal,unhandled_error,30,5,10,0,0,0.0016666666666666668,0.049805230940456316,0.0,0.9983333333333333,0.0,,,20.335838624822166,0.060139937148655065,0.0725357943194405,0.015204188061230434
3179e29f-d2f4-5f31-a93b-d6b37f2ae9dc,F_arms_under_fault,sync,normal,consumer_kill,30,5,10,0,3,0.006111111111111111,0.0,0.0,0.9938888888888889,0.0,,,20.29925593749545,0.060402749528435606,0.3097954927026727,0.01475052647355872
32066212-6e12-5696-917a-e00d471dd6df,F_arms_under_fault,sync,normal,datastore_timeout,30,5,10,0,4,0.0038888888888888888,0.0,0.0,0.9961111111111111,0.0,,,19.5582292375627,0.0601731946826618,10.259565367464315,0.03003455034609539
33c21020-a535-56b5-b62b-84e86a1be5c7,F_arms_under_fault,sync,normal,datastore_timeout,30,5,10,0,1,0.002777777777777778,0.0,0.0,0.9972222222222222,0.0,,,20.418226850661313,0.0603829290150486,10.259608457891705,0.03005226777261973
3647a682-2b52-594e-9b38-b2acc9bbaad0,F_arms_under_fault,sync,normal,datastore_reject,30,5,10,0,1,0.0030555555555555557,0.0,0.0,0.9969444444444444,0.0,,,19.953116285977597,0.060483230379446695,0.3108939469417919,0.015119656544735455
381c25b7-f96e-5fe8-acab-b07fe705d516,F_arms_under_fault,sync,normal,datastore_reject,30,5,10,0,2,0.006111111111111111,0.0,0.0,0.9938888888888889,0.0,,,20.181170934939793,0.060357599871785794,0.3108794994132701,0.015079030595991786
39e08840-5bb7-57cf-8752-dfdde9a6bafa,F_arms_under_fault,queue,normal,datastore_reject,30,5,10,0,1,0.0,0.0025,0.0,1.0,0.0,30.0,25.0,19.841086867371263,0.6391878208242794,31.046032986814364,0.011342881895858033
3aa1f57c-0666-5d8d-9093-c6dcc9a97df5,F_arms_under_fault,sync,normal,consumer_kill,30,5,10,0,2,0.006388888888888889,0.0,0.0,0.9936111111111111,0.0,,,20.04125728622755,0.0602008306982853,0.3100171537960705,0.014705367557916564
3c37b430-9aef-5776-97d4-27d3043ed722,F_arms_under_fault,queue,normal,datastore_timeout,30,5,10,0,1,0.0,0.013888888888888888,0.0,1.0,0.0,40.0,35.0,19.42157974931465,1.028808709971198,54.13132347640951,0.011767176811471153
40bf0940-202e-5df2-b7dc-745eb924f5d9,F_arms_under_fault,sync,normal,none,30,5,10,0,0,0.0,0.0,0.0,1.0,0.0,,,20.2007227855005,0.06001419402615049,0.06781395591447889,0.014231763870037011
449e9527-6429-5d3e-8413-cf4ca34d2386,F_arms_under_fault,queue,normal,none,30,5,10,0,1,0.0,0.0016666666666666668,0.0,1.0,0.0,,,20.10781899261927,0.546065962728342,1.061441189920623,0.010751521297454762
44c025d3-6b8f-5f02-9eae-a11eae55c220,F_arms_under_fault,sync,normal,consumer_kill,30,5,10,0,0,0.008333333333333333,0.0,0.0,0.9916666666666667,0.0,,,19.620220868700827,0.0603935293964355,0.3093852710044661,0.014679235911516085
4bbd7970-d2e7-513d-bb7f-b582d650de2b,F_arms_under_fault,sync,normal,datastore_timeout,30,5,10,0,0,0.0044444444444444444,0.0,0.0,0.9955555555555555,0.0,,,20.23942760467773,0.06040126838789206,10.259802637598899,0.030029385035222993
4d090b76-48ad-5c03-a64b-c97654f927a9,F_arms_under_fault,queue,normal,unhandled_error,30,5,10,0,1,0.0,0.12916666666666668,0.0,1.0,0.0,30.0,0.0,19.566189576848135,0.7620310982129261,60.72025082764039,0.01182467910400151
4f852a97-36ef-558f-a282-02ce0029ff35,F_arms_under_fault,sync,normal,datastore_timeout,30,5,10,0,2,0.0022222222222222222,0.0,0.0,0.9977777777777778,0.0,,,20.1210713829133,0.060262255474242465,10.259757718106307,0.029546426849223262
501952ed-a2dc-5114-b0a7-36afe3602fe3,F_arms_under_fault,queue,normal,datastore_reject,30,5,10,0,2,0.0,0.0025,0.0,1.0,0.0,35.0,15.0,19.401576782573557,0.6349899702796691,31.04383237514011,0.011451465194022833
51c38233-1443-5c21-a6b2-ebd4a14b7ef4,F_arms_under_fault,sync,normal,datastore_timeout,30,5,10,0,0,0.0044444444444444444,0.0,0.0,0.9955555555555555,0.0,,,20.23942760467773,0.06040126838789206,10.259802637598899,0.030029385035222993
52b2f00e-0dcd-5b7f-88ac-bed81c0d93d9,F_arms_under_fault,sync,normal,consumer_kill,30,5,10,0,0,0.008333333333333333,0.0,0.0,0.9916666666666667,0.0,,,19.620220868700827,0.0603935293964355,0.3093852710044661,0.014679235911516085
5752d67f-96c8-5a54-bbdb-9b61dea06077,F_arms_under_fault,sync,normal,none,30,5,10,0,4,0.0,0.0,0.0,1.0,0.0,,,20.144817780982557,0.059910105810239145,0.06749368809663209,0.01423111080643425
57950004-0f3c-5f10-9ed7-af2a2d062a64,F_arms_under_fault,sync,normal,consumer_kill,30,5,10,0,1,0.005833333333333334,0.0,0.0,0.9941666666666666,0.0,,,20.26480868191687,0.06032242916285213,0.30985897591969974,0.014732787226991072
589cae35-22cf-5355-bed5-a679901c21ea,F_arms_under_fault,queue,normal,datastore_timeout,30,5,10,0,4,0.0,0.01138888888888889,0.0,1.0,0.0,30.0,10.0,20.02581800443391,1.0279115717605265,53.281039338068055,0.011719190176698254
5a46e63f-34f7-56ca-b210-441df8b98ecd,F_arms_under_fault,queue,normal,datastore_reject,30,5,10,0,2,0.0,0.0025,0.0,1.0,0.0,35.0,15.0,19.401576782573557,0.6349899702796691,31.04383237514011,0.011451465194022833
5eac6a57-074d-5adf-a520-fd1eada35e7d,F_arms_under_fault,sync,normal,none,30,5,10,0,3,0.0,0.0,0.0,1.0,0.0,,,19.60157537262454,0.060045431518251036,0.06768616738503397,0.014232325370786496
5f1ec307-00f2-5f0e-a1a1-ec18ff903923,F_arms_under_fault,queue,normal,datastore_reject,30,5,10,0,3,0.0,0.0016666666666666668,0.0,1.0,0.0,30.0,0.0,20.37184262459123,0.614474763813798,30.77366771111864,0.011409958440834719
611ea215-af4f-5893-856d-fd72909911e0,F_arms_under_fault,queue,normal,consumer_kill,30,5,10,0,1,0.0,0.11833333333333333,0.0,1.0,0.0,30.0,5.0,20.026535074117334,1.0240922423407781,61.067260179304576,0.011878893191290414
61a9faad-65b6-53d7-9047-739721bb79f8,F_arms_under_fault,queue,normal,datastore_reject,30,5,10,0,0,0.0,0.0025,0.0,1.0,0.0,30.0,0.0,20.51827624856855,0.5821269712604593,30.64435352800647,0.011284008039044757
63776679-6ed6-5481-9779-964fce75cb35,F_arms_under_fault,queue,normal,none,30,5,10,0,4,0.0,0.0030555555555555557,0.0,1.0,0.0,,,19.988393922790333,0.5220515632880947,1.0668528783103637,0.010774517643487025
6497d95c-9765-572f-91a4-2fed3fa391b1,F_arms_under_fault,queue,normal,datastore_timeout,30,5,10,0,4,0.0,0.01138888888888889,0.0,1.0,0.0,30.0,10.0,20.02581800443391,1.0279115717605265,53.281039338068055,0.011719190176698254
6649becd-3dab-5a1f-8eab-7aad05d2ab18,F_arms_under_fault,sync,normal,none,30,5,10,0,2,0.0,0.0,0.0,1.0,0.0,,,19.8897591819163,0.060038356129226145,0.0675525660934312,0.014231999257088165
66d1fa1e-7bfd-581b-b5ef-d4a7a59aa94d,F_arms_under_fault,queue,normal,datastore_timeout,30,5,10,0,3,0.0,0.012777777777777779,0.0,1.0,0.0,20.0,20.0,19.381278632513133,1.0295029539220906,52.99223320080574,0.011756264129069174
6f9d2de2-33ac-5643-b762-f7730b41093b,F_arms_under_fault,sync,normal,datastore_timeout,30,5,10,0,3,0.0038888888888888888,0.0,0.0,0.9961111111111111,0.0,,,20.169753913067947,0.06047746157197453,10.26019741740464,0.03166664928700682
70c2aac5-b1fa-5dce-9aba-11ce6f1f7f67,F_arms_under_fault,sync,normal,unhandled_error,30,5,10,0,1,0.0002777777777777778,0.05501528202278411,0.0,0.9997222222222222,0.0,,,20.096587768380196,0.060130319162254864,0.07315752460776961,0.015309278728214302
71fe6956-5470-5145-b7bd-fef467442658,F_arms_under_fault,sync,normal,datastore_timeout,30,5,10,0,3,0.0038888888888888888,0.0,0.0,0.9961111111111111,0.0,,,20.169753913067947,0.06047746157197453,10.26019741740464,0.03166664928700682
737bef4c-aaa6-55a1-b562-94ce05cc984a,F_arms_under_fault,sync,normal,unhandled_error,30,5,10,0,1,0.0002777777777777778,0.05501528202278411,0.0,0.9997222222222222,0.0,,,20.096587768380196,0.060130319162254864,0.07315752460776961,0.015309278728214302
75dd4cf4-c5fa-5040-ba10-42f1635d5e2f,F_arms_under_fault,queue,normal,unhandled_error,30,5,10,0,3,0.0,0.1388888888888889,0.0,1.0,0.0,35.0,35.0,19.493871400261526,0.7523677139395488,60.55234336853523,0.011917242452094533
76397a9c-2133-57db-8351-7543bb8b1eef,F_arms_under_fault,queue,normal,datastore_timeout,30,5,10,0,0,0.0,0.015833333333333335,0.0,1.0,0.0,20.0,20.0,19.881830900621157,1.0298609818075306,51.94129930683441,0.01175577236597293
7f506de1-5bd4-5cc2-a83a-f038a933c307,F_arms_under_fault,queue,normal,datastore_reject,30,5,10,0,1,0.0,0.0025,0.0,1.0,0.0,30.0,25.0,19.841086867371263,0.6391878208242794,31.046032986814364,0.011342881895858033
82259baf-8b81-5443-8f83-7f28662ff1f6,F_arms_under_fault,queue,normal,none,30,5,10,0,4,0.0,0.0030555555555555557,0.0,1.0,0.0,,,19.988393922790333,0.5220515632880947,1.0668528783103637,0.010774517643487025
84174aa9-f1cd-5575-ab31-fe1e2a1235b2,F_arms_under_fault,queue,normal,unhandled_error,30,5,10,0,2,0.0,0.11722222222222223,0.0,1.0,0.0,30.0,0.0,20.00594904505186,0.7242428702549546,60.79009840055999,0.011694409008192404
87069eb7-0fe5-5c02-a7d2-c866eaf39068,F_arms_under_fault,sync,normal,unhandled_error,30,5,10,0,2,0.0008333333333333334,0.045315540728384764,0.0,0.9991666666666666,0.0,,,19.64214707384135,0.06020750332803004,0.07093233322709977,0.015103440902092287
871124b6-9f23-5723-a66e-917b27e947be,F_arms_under_fault,queue,normal,datastore_timeout,30,5,10,0,2,0.0,0.011111111111111112,0.0,1.0,0.0,25.0,20.0,19.962738033503744,1.0306634260548684,53.666653652113474,0.011714155504048843
8819c1cf-a89f-505e-a75c-9e14e07b42e9,F_arms_under_fault,queue,normal,consumer_kill,30,5,10,0,0,0.0,0.09361111111111112,0.0,1.0,0.0,30.0,25.0,19.786384900272214,1.0264100506592015,61.23333455663683,0.01169510734431357
89094be2-64db-5a5c-89c5-323dff40d848,F_arms_under_fault,sync,normal,datastore_timeout,30,5,10,0,1,0.002777777777777778,0.0,0.0,0.9972222222222222,0.0,,,20.418226850661313,0.0603829290150486,10.259608457891705,0.03005226777261973
89af0de6-8907-5f7c-8b32-913f3c2afeda,F_arms_under_fault,queue,normal,consumer_kill,30,5,10,0,3,0.0,0.11527777777777778,0.0,1.0,0.0,30.0,30.0,20.033528240062335,1.025761570250527,61.742048405882834,0.01185052681679936
8a814c28-448d-59dc-9b40-a75b8605a993,F_arms_under_fault,queue,normal,unhandled_error,30,5,10,0,0,0.0,0.12166666666666667,0.0,1.0,0.0,35.0,0.0,20.371589902567457,0.7391008318262209,60.495232621256775,0.011702424115764864
90d7aac5-6439-51ef-85e8-77e32ca62a4b,F_arms_under_fault,queue,normal,datastore_timeout,30,5,10,0,3,0.0,0.012777777777777779,0.0,1.0,0.0,20.0,20.0,19.381278632513133,1.0295029539220906,52.99223320080574,0.011756264129069174
93f74a2f-00df-51ea-a47c-ec0e7f5baec8,F_arms_under_fault,queue,normal,datastore_reject,30,5,10,0,4,0.0,0.0019444444444444444,0.0,1.0,0.0,30.0,0.0,19.541319468713024,0.5789156884905822,30.612383262328702,0.011385833230258297
968b3c00-2e64-5891-b211-9a61477e3b5b,F_arms_under_fault,queue,normal,datastore_timeout,30,5,10,0,1,0.0,0.013888888888888888,0.0,1.0,0.0,40.0,35.0,19.42157974931465,1.028808709971198,54.13132347640951,0.011767176811471153
98c84b9e-a875-5631-aec4-ff6def17d7fe,F_arms_under_fault,sync,normal,none,30,5,10,0,2,0.0,0.0,0.0,1.0,0.0,,,19.8897591819163,0.060038356129226145,0.0675525660934312,0.014231999257088165
9d69667a-d332-5754-bbd6-dba34dd8a872,F_arms_under_fault,sync,normal,datastore_reject,30,5,10,0,3,0.0044444444444444444,0.0,0.0,0.9955555555555555,0.0,,,19.69800501189149,0.06038540442032314,0.31203031962403466,0.015236898957599597
a49d458f-57d9-5d33-9bc1-76b4d604335a,F_arms_under_fault,queue,normal,unhandled_error,30,5,10,0,4,0.0,0.12416666666666666,0.0,1.0,0.0,40.0,15.0,19.899696266314486,0.7539862729609874,60.675508410802706,0.011828025382055227
a5670fce-228c-55f3-bf7a-6b73df95b96e,F_arms_under_fault,queue,normal,consumer_kill,30,5,10,0,2,0.0,0.09416666666666666,0.0,1.0,0.0,30.0,5.0,20.016090366175536,1.026130563324406,61.30947372994484,0.011719556698934645
a58e7d31-943f-5b8d-a5f8-887e1f565533,F_arms_under_fault,sync,normal,none,30,5,10,0,1,0.0,0.0,0.0,1.0,0.0,,,20.217350026895154,0.05992996175674392,0.06726511875933311,0.014230786440919121
a5d5b64b-f980-5e54-8c9b-e294142116e7,F_arms_under_fault,sync,normal,none,30,5,10,0,1,0.0,0.0,0.0,1.0,0.0,,,20.217350026895154,0.05992996175674392,0.06726511875933311,0.014230786440919121
a6d7c17b-5266-5c7e-8ab7-c04ed614b2f5,F_arms_under_fault,sync,normal,consumer_kill,30,5,10,0,4,0.0016666666666666668,0.0,0.0,0.9983333333333333,0.0,,,20.28214569715231,0.060383589880315114,0.3100926576244987,0.014726826425383463
b2518302-1e7d-5a89-8efb-eb0211e8b160,F_arms_under_fault,sync,normal,unhandled_error,30,5,10,0,4,0.001388888888888889,0.0545201668984701,0.0,0.9986111111111111,0.0,,,20.269760684941712,0.060159953593142745,0.0709327375585488,0.015253626321233197
b260ef5e-66e1-5ad9-9066-5a7dc25fa09d,F_arms_under_fault,queue,normal,datastore_reject,30,5,10,0,3,0.0,0.0016666666666666668,0.0,1.0,0.0,30.0,0.0,20.37184262459123,0.614474763813798,30.77366771111864,0.011409958440834719
b31f3347-454e-534a-8287-abf0c21e38a7,F_arms_under_fault,queue,normal,consumer_kill,30,5,10,0,2,0.0,0.09416666666666666,0.0,1.0,0.0,30.0,5.0,20.016090366175536,1.026130563324406,61.30947372994484,0.011719556698934645
b6311a1b-6419-5cc3-a95c-907f8948fcb4,F_arms_under_fault,queue,normal,none,30,5,10,0,1,0.0,0.0016666666666666668,0.0,1.0,0.0,,,20.10781899261927,0.546065962728342,1.061441189920623,0.010751521297454762
b6615af9-6036-5c23-872f-cc8a33a677fe,F_arms_under_fault,queue,normal,unhandled_error,30,5,10,0,2,0.0,0.11722222222222223,0.0,1.0,0.0,30.0,0.0,20.00594904505186,0.7242428702549546,60.79009840055999,0.011694409008192404
b6af2d07-2d24-52c2-87ad-424900ae19f7,F_arms_under_fault,sync,normal,unhandled_error,30,5,10,0,3,0.001388888888888889,0.04840055632823366,0.0,0.9986111111111111,0.0,,,19.549796777217566,0.060314071473300146,0.07222179883948543,0.015179340667123608
b83a7346-035a-5e74-8f37-8965f998ec41,F_arms_under_fault,queue,normal,consumer_kill,30,5,10,0,4,0.0,0.10722222222222222,0.0,1.0,0.0,30.0,15.0,19.97567230792112,0.8322127710845848,61.15362783677786,0.011738627790286331
ba23f1f5-c592-5335-a0da-b58a3d200cd2,F_arms_under_fault,queue,normal,consumer_kill,30,5,10,0,1,0.0,0.11833333333333333,0.0,1.0,0.0,30.0,5.0,20.026535074117334,1.0240922423407781,61.067260179304576,0.011878893191290414
ba6bb266-95d3-5814-9982-d46e14accae1,F_arms_under_fault,sync,normal,datastore_timeout,30,5,10,0,2,0.0022222222222222222,0.0,0.0,0.9977777777777778,0.0,,,20.1210713829133,0.060262255474242465,10.259757718106307,0.029546426849223262
bb0be55b-9b38-5618-abe6-9c7000cc24fb,F_arms_under_fault,queue,normal,datastore_timeout,30,5,10,0,2,0.0,0.011111111111111112,0.0,1.0,0.0,25.0,20.0,19.962738033503744,1.0306634260548684,53.666653652113474,0.011714155504048843
bd556c8d-db75-5598-9d38-a0307ea10360,F_arms_under_fault,sync,normal,datastore_reject,30,5,10,0,0,0.006666666666666667,0.0,0.0,0.9933333333333333,0.0,,,20.12415722874237,0.06029581194533851,0.3104340783310935,0.015139011950034437
be006fab-0785-512a-b501-601b5f65eca3,F_arms_under_fault,sync,normal,datastore_reject,30,5,10,0,4,0.005833333333333334,0.0,0.0,0.9941666666666666,0.0,,,20.666235434402846,0.0604248058987622,0.3123682629750249,0.015311389555201232
c43289a0-1ac0-512b-bd7f-8adea0cdfc61,F_arms_under_fault,queue,normal,datastore_timeout,30,5,10,0,0,0.0,0.015833333333333335,0.0,1.0,0.0,20.0,20.0,19.881830900621157,1.0298609818075306,51.94129930683441,0.01175577236597293
c439d949-2ab5-553c-a6c3-4bb34d2b89f5,F_arms_under_fault,sync,normal,datastore_reject,30,5,10,0,0,0.006666666666666667,0.0,0.0,0.9933333333333333,0.0,,,20.12415722874237,0.06029581194533851,0.3104340783310935,0.015139011950034437
c454e1d3-c2c5-5e57-8f4f-033cf1a1b39f,F_arms_under_fault,queue,normal,none,30,5,10,0,0,0.0,0.002777777777777778,0.0,1.0,0.0,,,20.488240349626743,0.5195247918397463,1.0630285276876847,0.010727977696517173
c8b1d947-510a-5662-b08e-770c07940c5a,F_arms_under_fault,queue,normal,unhandled_error,30,5,10,0,3,0.0,0.1388888888888889,0.0,1.0,0.0,35.0,35.0,19.493871400261526,0.7523677139395488,60.55234336853523,0.011917242452094533
cacd8e6c-0c75-568a-b657-0f925635f731,F_arms_under_fault,sync,normal,none,30,5,10,0,0,0.0,0.0,0.0,1.0,0.0,,,20.2007227855005,0.06001419402615049,0.06781395591447889,0.014231763870037011
cbf1294f-a06f-54e0-9133-3ac5181c6f67,F_arms_under_fault,queue,normal,unhandled_error,30,5,10,0,1,0.0,0.12916666666666668,0.0,1.0,0.0,30.0,0.0,19.566189576848135,0.7620310982129261,60.72025082764039,0.01182467910400151
d09911db-2fdb-5858-ae92-eea157af18ab,F_arms_under_fault,sync,normal,consumer_kill,30,5,10,0,4,0.0016666666666666668,0.0,0.0,0.9983333333333333,0.0,,,20.28214569715231,0.060383589880315114,0.3100926576244987,0.014726826425383463
d1882b71-3461-5177-a389-028293930a9e,F_arms_under_fault,sync,normal,datastore_reject,30,5,10,0,4,0.005833333333333334,0.0,0.0,0.9941666666666666,0.0,,,20.666235434402846,0.0604248058987622,0.3123682629750249,0.015311389555201232
d5bf392d-ddec-55fa-bb14-f0f95ca5c9f1,F_arms_under_fault,queue,normal,unhandled_error,30,5,10,0,4,0.0,0.12416666666666666,0.0,1.0,0.0,40.0,15.0,19.899696266314486,0.7539862729609874,60.675508410802706,0.011828025382055227
d8978f3b-2156-5eef-bea9-d2c51b6f2d3e,F_arms_under_fault,queue,normal,none,30,5,10,0,0,0.0,0.002777777777777778,0.0,1.0,0.0,,,20.488240349626743,0.5195247918397463,1.0630285276876847,0.010727977696517173
de462a5e-64a6-56e2-b6f7-f0e3a211d5e3,F_arms_under_fault,sync,normal,datastore_timeout,30,5,10,0,4,0.0038888888888888888,0.0,0.0,0.9961111111111111,0.0,,,19.5582292375627,0.0601731946826618,10.259565367464315,0.03003455034609539
e9e54991-8f87-5d12-934c-554e6facfc5b,F_arms_under_fault,queue,normal,consumer_kill,30,5,10,0,4,0.0,0.10722222222222222,0.0,1.0,0.0,30.0,15.0,19.97567230792112,0.8322127710845848,61.15362783677786,0.011738627790286331
ed7f3020-7949-5a70-a9df-3ea0da940f1d,F_arms_under_fault,queue,normal,datastore_reject,30,5,10,0,4,0.0,0.0019444444444444444,0.0,1.0,0.0,30.0,0.0,19.541319468713024,0.5789156884905822,30.612383262328702,0.011385833230258297
ef14019f-4c90-56e2-a653-98b5db0f9c03,F_arms_under_fault,queue,normal,consumer_kill,30,5,10,0,0,0.0,0.09361111111111112,0.0,1.0,0.0,30.0,25.0,19.786384900272214,1.0264100506592015,61.23333455663683,0.01169510734431357
f56d09df-d1a6-5562-9901-b6cb2cb54a9a,F_arms_under_fault,queue,normal,consumer_kill,30,5,10,0,3,0.0,0.11527777777777778,0.0,1.0,0.0,30.0,30.0,20.033528240062335,1.025761570250527,61.742048405882834,0.01185052681679936
f689db96-3c5a-54ee-aafc-9943397079f1,F_arms_under_fault,queue,normal,none,30,5,10,0,3,0.0,0.002777777777777778,0.0,1.0,0.0,,,20.33222776538363,0.49460431143198846,1.0769290680370267,0.010736458728043637
facc0502-9afd-521d-82bf-ca62c168f81c,F_arms_under_fault,sync,normal,consumer_kill,30,5,10,0,2,0.006388888888888889,0.0,0.0,0.9936111111111111,0.0,,,20.04125728622755,0.0602008306982853,0.3100171537960705,0.014705367557916564
ffb361a8-64f2-5f78-8dc9-bdb94f271d68,F_arms_under_fault,queue,normal,none,30,5,10,0,2,0.0,0.0011111111111111111,0.0,1.0,0.0,,,20.863220996548833,0.5666332937088683,1.0861715522304471,0.01067667844857801
08f09043-64b8-56f3-99f3-916a50021618,H_vt_mrc_grid,queue,normal,unhandled_error,120,1,10,0,1,0.0,0.0,0.30722222222222223,0.7880555555555555,0.0,120.0,0.0,16.197806629069397,0.5707991284418767,1.1816740942273354,0.009406876030682888
136f4f31-3e4e-5c35-a680-e0e938d57084,H_vt_mrc_grid,queue,normal,unhandled_error,30,1,10,0,0,0.0,0.0,0.28444444444444444,0.8036111111111112,0.0,35.0,10.0,16.036367380555635,0.6067803101506257,1.1507427777271175,0.009127415639214662
16565a9d-8911-5a47-86b6-b2a2468e4aae,H_vt_mrc_grid,queue,normal,unhandled_error,30,3,10,0,1,0.0,0.13805555555555554,0.0008333333333333334,1.0,0.0,30.0,25.0,19.677724711579724,0.77252019177525,60.637352462941266,0.011872322215755958
17e47c3a-89f9-53be-ac43-3333f0d76470,H_vt_mrc_grid,queue,normal,unhandled_error,600,10,10,0,0,0.0,0.09055555555555556,0.0,1.0,0.0,600.0,0.0,5.004988323138641,0.7736009706524953,601.0782026169895,0.011872755978527874
18db4835-d9de-5f69-a3d7-0a6177ce9aa2,H_vt_mrc_grid,queue,normal,unhandled_error,30,3,10,0,2,0.0,0.13527777777777777,0.001388888888888889,1.0,0.0,30.0,20.0,19.62192476101214,0.7325788745357595,60.63613007700535,0.011853852454602878
294e390f-1fc9-570e-8c01-a54805636b4e,H_vt_mrc_grid,queue,normal,unhandled_error,600,1,10,0,0,0.0,0.0,0.30583333333333335,0.8041666666666667,0.0,600.0,0.0,16.513577011245467,0.5555907004153511,1.1869355473626764,0.009614619518447418
2b342e26-ddf8-527a-b6a2-db892424db60,H_vt_mrc_grid,queue,normal,unhandled_error,600,1,10,0,1,0.0,0.0,0.31972222222222224,0.7733333333333333,0.0,600.0,0.0,15.82985074346866,0.5893052471613878,1.2469626781984215,0.009355838991878524
3a02bee7-2b61-5278-a01e-899f5c0105e6,H_vt_mrc_grid,queue,normal,unhandled_error,120,3,10,0,1,0.0,0.08777777777777777,0.0,1.0,0.0,120.0,0.0,15.003311471057277,0.7671007666234004,120.72820741126544,0.011739587070173781
3a4b8e8b-02a8-590e-abdc-d429d66a3e89,H_vt_mrc_grid,queue,normal,unhandled_error,120,1,10,0,0,0.0,0.0,0.2816666666666667,0.8033333333333333,0.0,120.0,30.0,15.851672639406047,0.5990497071747711,1.1671941605711373,0.009542210045109613
3a9e3c8b-97c2-5cb8-9ec9-27da066724b0,H_vt_mrc_grid,queue,normal,unhandled_error,600,10,10,0,0,0.0,0.09055555555555556,0.0,1.0,0.0,600.0,0.0,5.004988323138641,0.7736009706524953,601.0782026169895,0.011872755978527874
4a66b822-c656-5b25-b373-132521ffae8d,H_vt_mrc_grid,queue,normal,unhandled_error,30,10,10,0,0,0.0,0.12,0.0,1.0,0.0,35.0,0.0,19.779593982976508,0.7166565003340963,60.61465409565862,0.011735600401080409
4d37ad44-7d6e-56b4-9623-1f4a4e040dce,H_vt_mrc_grid,queue,normal,unhandled_error,600,1,10,0,1,0.0,0.0,0.31972222222222224,0.7733333333333333,0.0,600.0,0.0,15.82985074346866,0.5893052471613878,1.2469626781984215,0.009355838991878524
4d6d4d83-29d7-546f-977f-0eec8be16e8e,H_vt_mrc_grid,queue,normal,unhandled_error,120,3,10,0,2,0.0,0.09777777777777778,0.0,1.0,0.0,120.0,0.0,15.007140829975684,0.7642303131908239,120.62988033531738,0.011824617295517948
505e7353-16c8-5654-84eb-79b7e2cb7ec1,H_vt_mrc_grid,queue,normal,unhandled_error,30,1,10,0,0,0.0,0.0,0.28444444444444444,0.8036111111111112,0.0,35.0,10.0,16.036367380555635,0.6067803101506257,1.1507427777271175,0.009127415639214662
52bff899-db18-5eea-af45-c1764fa4f7be,H_vt_mrc_grid,queue,normal,unhandled_error,600,1,10,0,2,0.0,0.0,0.2866666666666667,0.8013888888888889,0.0,600.0,0.0,16.294317786809582,0.611609342385492,1.187265286708395,0.009567963841847544
54a12474-dc42-5592-be9c-8f1cc3995c44,H_vt_mrc_grid,queue,normal,unhandled_error,120,1,10,0,2,0.0,0.0,0.2797222222222222,0.8058333333333333,0.0,120.0,0.0,15.898419690563463,0.5619331138642139,1.1828752360783454,0.009564560014355938
584afd20-1d75-5659-b656-b91b7b9c6671,H_vt_mrc_grid,queue,normal,unhandled_error,120,10,10,0,0,0.0,0.10583333333333333,0.0,1.0,0.0,120.0,5.0,15.051252537513125,0.716770557153481,120.73020698100906,0.011914138879076233
5ca3b4a9-7828-54a1-9f1a-ef1f21e1e9c9,H_vt_mrc_grid,queue,normal,unhandled_error,30,10,10,0,1,0.0,0.12805555555555556,0.0,1.0,0.0,30.0,15.0,20.367459661791244,0.7515449189220504,60.633701637672026,0.011856413831001986
5d91e9f9-750f-5b70-a592-d055411e75d6,H_vt_mrc_grid,queue,normal,unhandled_error,120,10,10,0,1,0.0,0.0875,0.0,1.0,0.0,120.0,0.0,15.01908391982614,0.7268557591839588,121.10802117506118,0.011740330216641809
627bd0ee-5563-512c-8f56-3784fcddbc79,H_vt_mrc_grid,queue,normal,unhandled_error,120,3,10,0,0,0.0,0.08777777777777777,0.0,1.0,0.0,120.0,0.0,15.038774031460997,0.7780336710042022,120.65369992586015,0.011745236697975543
64b743a4-a2e9-5a8a-a3b7-b824229e5eda,H_vt_mrc_grid,queue,normal,unhandled_error,30,1,10,0,1,0.0,0.0,0.29,0.8027777777777778,0.0,30.0,5.0,16.32910134394781,0.603186508617263,1.1941213296009698,0.009072789751378239
658fce5a-e6f0-555a-8cfa-1b4f514f48ce,H_vt_mrc_grid,queue,normal,unhandled_error,120,10,10,0,0,0.0,0.10583333333333333,0.0,1.0,0.0,120.0,5.0,15.051252537513125,0.716770557153481,120.73020698100906,0.011914138879076233
697aa3db-5958-5a8b-82f9-dadf5034f20e,H_vt_mrc_grid,queue,normal,unhandled_error,120,10,10,0,2,0.0,0.09305555555555556,0.0,1.0,0.0,120.0,15.0,15.037217240544312,0.7183077439852319,120.65193127584351,0.011812588725457452
69aee4ca-cab3-5b01-8c87-f914156ce124,H_vt_mrc_grid,queue,normal,unhandled_error,30,10,10,0,2,0.0,0.13083333333333333,0.0,1.0,0.0,30.0,25.0,19.741116736021727,0.7567884335673094,60.67785334331906,0.011860503152637343
6c90ee32-42a3-591f-bbe6-d144462a5133,H_vt_mrc_grid,queue,normal,unhandled_error,120,10,10,0,1,0.0,0.0875,0.0,1.0,0.0,120.0,0.0,15.01908391982614,0.7268557591839588,121.10802117506118,0.011740330216641809
76ecfce5-df8d-5302-90e8-14e5864e4e4f,H_vt_mrc_grid,queue,normal,unhandled_error,30,3,10,0,1,0.0,0.13805555555555554,0.0008333333333333334,1.0,0.0,30.0,25.0,19.677724711579724,0.77252019177525,60.637352462941266,0.011872322215755958
7bdde0a4-94c0-5a7f-8c7e-8ab6cf71c395,H_vt_mrc_grid,queue,normal,unhandled_error,600,10,10,0,2,0.0,0.09638888888888889,0.0,1.0,0.0,600.0,0.0,5.0033830238400485,0.7498637507662593,600.7480791191645,0.011866200357739751
7e39949a-f34f-560e-8b1a-925939890d83,H_vt_mrc_grid,queue,normal,unhandled_error,600,10,10,0,1,0.0,0.10194444444444445,0.0,1.0,0.0,600.0,15.0,5.0008448738032225,0.7713751631548114,600.7718199589253,0.011955972438842359
88aa6373-5ea7-5fc8-bd04-4d20875556bc,H_vt_mrc_grid,queue,normal,unhandled_error,30,10,10,0,2,0.0,0.13083333333333333,0.0,1.0,0.0,30.0,25.0,19.741116736021727,0.7567884335673094,60.67785334331906,0.011860503152637343
89994bef-c198-57ab-9218-79ab2b5e6997,H_vt_mrc_grid,queue,normal,unhandled_error,600,3,10,0,0,0.0,0.09833333333333333,0.0,1.0,0.0,600.0,0.0,5.002251293993308,0.7721545396632905,600.7724689890708,0.011896487309652879
96b57ac1-224a-5f51-a35a-bf15454924c5,H_vt_mrc_grid,queue,normal,unhandled_error,120,3,10,0,0,0.0,0.08777777777777777,0.0,1.0,0.0,120.0,0.0,15.038774031460997,0.7780336710042022,120.65369992586015,0.011745236697975543
9b76f08d-df98-552b-b7e8-c52c2d7a093f,H_vt_mrc_grid,queue,normal,unhandled_error,120,3,10,0,2,0.0,0.09777777777777778,0.0,1.0,0.0,120.0,0.0,15.007140829975684,0.7642303131908239,120.62988033531738,0.011824617295517948
9e7ec3e5-be5d-5c85-929c-24a89440dfc2,H_vt_mrc_grid,queue,normal,unhandled_error,30,10,10,0,0,0.0,0.12,0.0,1.0,0.0,35.0,0.0,19.779593982976508,0.7166565003340963,60.61465409565862,0.011735600401080409
a3570c99-d175-5398-baf2-90a45a7302ac,H_vt_mrc_grid,queue,normal,unhandled_error,30,1,10,0,2,0.0,0.0,0.2991666666666667,0.7938888888888889,0.0,35.0,0.0,15.696545057800058,0.6179018358544575,1.2229852234944167,0.009056868718091247
a395a1f2-ce5f-5517-aa3b-7c3cffa04a40,H_vt_mrc_grid,queue,normal,unhandled_error,30,1,10,0,1,0.0,0.0,0.29,0.8027777777777778,0.0,30.0,5.0,16.32910134394781,0.603186508617263,1.1941213296009698,0.009072789751378239
ab5b4fe4-1c56-55bc-a7ff-6a702ab394b5,H_vt_mrc_grid,queue,normal,unhandled_error,600,3,10,0,1,0.0,0.08833333333333333,0.0,1.0,0.0,600.0,0.0,5.002835160744241,0.7757646406727616,601.0647002212363,0.01179429904955182
b496e554-44d8-58aa-ba7f-bc407e4495a7,H_vt_mrc_grid,queue,normal,unhandled_error,600,1,10,0,0,0.0,0.0,0.30583333333333335,0.8041666666666667,0.0,600.0,0.0,16.513577011245467,0.5555907004153511,1.1869355473626764,0.009614619518447418
b657f343-f88e-528c-83f5-f5b6d28025a6,H_vt_mrc_grid,queue,normal,unhandled_error,120,1,10,0,1,0.0,0.0,0.30722222222222223,0.7880555555555555,0.0,120.0,0.0,16.197806629069397,0.5707991284418767,1.1816740942273354,0.009406876030682888
b7704ce9-16f0-5b68-b288-c67aeb72d86e,H_vt_mrc_grid,queue,normal,unhandled_error,120,1,10,0,0,0.0,0.0,0.2816666666666667,0.8033333333333333,0.0,120.0,30.0,15.851672639406047,0.5990497071747711,1.1671941605711373,0.009542210045109613
b922da19-5ed7-5520-a0b5-0c5a8b5220b7,H_vt_mrc_grid,queue,normal,unhandled_error,120,10,10,0,2,0.0,0.09305555555555556,0.0,1.0,0.0,120.0,15.0,15.037217240544312,0.7183077439852319,120.65193127584351,0.011812588725457452
c6098dcf-5085-50a2-a851-ca67e661d414,H_vt_mrc_grid,queue,normal,unhandled_error,600,3,10,0,1,0.0,0.08833333333333333,0.0,1.0,0.0,600.0,0.0,5.002835160744241,0.7757646406727616,601.0647002212363,0.01179429904955182
ce261af0-b4ec-5448-90b5-5e4192c09d48,H_vt_mrc_grid,queue,normal,unhandled_error,30,1,10,0,2,0.0,0.0,0.2991666666666667,0.7938888888888889,0.0,35.0,0.0,15.696545057800058,0.6179018358544575,1.2229852234944167,0.009056868718091247
d502f1f1-e643-5afa-8359-a1af2cc1965f,H_vt_mrc_grid,queue,normal,unhandled_error,600,10,10,0,2,0.0,0.09638888888888889,0.0,1.0,0.0,600.0,0.0,5.0033830238400485,0.7498637507662593,600.7480791191645,0.011866200357739751
d7c77dca-3b1e-5128-a3ac-bee2e1e1b40d,H_vt_mrc_grid,queue,normal,unhandled_error,600,10,10,0,1,0.0,0.10194444444444445,0.0,1.0,0.0,600.0,15.0,5.0008448738032225,0.7713751631548114,600.7718199589253,0.011955972438842359
d9c11c6d-57ce-5ba4-8c48-7c75b03da0c4,H_vt_mrc_grid,queue,normal,unhandled_error,600,1,10,0,2,0.0,0.0,0.2866666666666667,0.8013888888888889,0.0,600.0,0.0,16.294317786809582,0.611609342385492,1.187265286708395,0.009567963841847544
dbdff32d-112d-5173-b355-5065d0f19386,H_vt_mrc_grid,queue,normal,unhandled_error,30,10,10,0,1,0.0,0.12805555555555556,0.0,1.0,0.0,30.0,15.0,20.367459661791244,0.7515449189220504,60.633701637672026,0.011856413831001986
e21d6598-0230-5522-a41f-c8b19696bc81,H_vt_mrc_grid,queue,normal,unhandled_error,120,1,10,0,2,0.0,0.0,0.2797222222222222,0.8058333333333333,0.0,120.0,0.0,15.898419690563463,0.5619331138642139,1.1828752360783454,0.009564560014355938
eebb27e8-2b1a-5bf5-bff0-339f07eca1f1,H_vt_mrc_grid,queue,normal,unhandled_error,30,3,10,0,0,0.0,0.1225,0.0008333333333333334,1.0,0.0,35.0,65.0,19.819677234180325,0.7589178671571446,60.54192181509648,0.011719844518931303
f039f94e-9d83-5870-9a17-c38de57797f9,H_vt_mrc_grid,queue,normal,unhandled_error,30,3,10,0,2,0.0,0.13527777777777777,0.001388888888888889,1.0,0.0,30.0,20.0,19.62192476101214,0.7325788745357595,60.63613007700535,0.011853852454602878
f4360f51-d031-5f33-9470-97f599e46e1f,H_vt_mrc_grid,queue,normal,unhandled_error,120,3,10,0,1,0.0,0.08777777777777777,0.0,1.0,0.0,120.0,0.0,15.003311471057277,0.7671007666234004,120.72820741126544,0.011739587070173781
f5d5d195-059d-5cb8-9acd-dbf7fbae7be9,H_vt_mrc_grid,queue,normal,unhandled_error,600,3,10,0,2,0.0,0.09166666666666666,0.0,1.0,0.0,600.0,0.0,5.006511351297079,0.7570290316364634,601.039662013095,0.011859785580354993
f6bd5bfd-abc1-5846-b713-ee5e774c5f34,H_vt_mrc_grid,queue,normal,unhandled_error,600,3,10,0,0,0.0,0.09833333333333333,0.0,1.0,0.0,600.0,0.0,5.002251293993308,0.7721545396632905,600.7724689890708,0.011896487309652879
fa91e1b8-992c-5df2-b99f-1044019e2897,H_vt_mrc_grid,queue,normal,unhandled_error,30,3,10,0,0,0.0,0.1225,0.0008333333333333334,1.0,0.0,35.0,65.0,19.819677234180325,0.7589178671571446,60.54192181509648,0.011719844518931303
fcf27ffc-9214-5b70-8ed8-810beb781154,H_vt_mrc_grid,queue,normal,unhandled_error,600,3,10,0,2,0.0,0.09166666666666666,0.0,1.0,0.0,600.0,0.0,5.006511351297079,0.7570290316364634,601.039662013095,0.011859785580354993
